CAD CDW ID,CAD Event Number,General Offense Number,Event Clearance Code,Event Clearance Description,Event Clearance SubGroup,Event Clearance Group,Event Clearance Date,Hundred Block Location,District/Sector,Zone/Beat,Census Tract,Longitude,Latitude,Incident Location,Initial Type Description,Initial Type Subgroup,Initial Type Group,At Scene Time
1613902,13000361137,2013361137,050,"BURGLARY - RESIDENTIAL, UNOCCUPIED",RESIDENTIAL BURGLARIES,BURGLARY,10/04/2013 04:55:00 PM,3XX BLOCK OF 10 AV,E,E3,8600.2009,-122.319411923,47.604780984,"(47.604780984, -122.319411923)",,,,
1613827,13000360789,2013360789,053,BURGLARY - UNOCCUPIED STRUCTURE ON RESIDENTIAL PROPERTY,RESIDENTIAL BURGLARIES,BURGLARY,10/04/2013 03:21:00 PM,2XX BLOCK OF 20 AV E,C,C2,7600.2004,-122.306056063,47.619945092,"(47.619945092, -122.306056063)",,,,
1613566,13000360656,2013360656,201,ALARMS - RESIDENTIAL BURGLARY (FALSE),BURGLARY ALARMS (FALSE),FALSE ALARMS,10/04/2013 09:58:00 AM,8XX BLOCK OF 23 AV,G,G3,8800.5011,-122.302762003,47.609521063,"(47.609521063, -122.302762003)",,,,
1612632,13000359508,2013359508,201,ALARMS - RESIDENTIAL BURGLARY (FALSE),BURGLARY ALARMS (FALSE),FALSE ALARMS,10/03/2013 01:06:00 PM,21XX BLOCK OF E SPRUCE ST,G,G1,8700.2008,-122.304391783,47.603509963,"(47.603509963, -122.304391783)",,,,
1612522,13000359316,2013359316,053,BURGLARY - UNOCCUPIED STRUCTURE ON RESIDENTIAL PROPERTY,RESIDENTIAL BURGLARIES,BURGLARY,10/03/2013 10:22:00 AM,15XX BLOCK OF 12 AV,C,C2,7500.4006,-122.316845012,47.61468385,"(47.61468385, -122.316845012)",,,,
1612466,13000359241,2013359241,201,ALARMS - RESIDENTIAL BURGLARY (FALSE),BURGLARY ALARMS (FALSE),FALSE ALARMS,10/03/2013 09:09:00 AM,25XX BLOCK OF W MONTLAKE PL E,C,C3,6200.5007,-122.305771635,47.642686337,"(47.642686337, -122.305771635)",,,,
1612441,13000359123,2013359123,050,"BURGLARY - RESIDENTIAL, UNOCCUPIED",RESIDENTIAL BURGLARIES,BURGLARY,10/03/2013 08:11:00 AM,17XX BLOCK OF BELMONT AV,E,E1,7400.4003,-122.324495888,47.617046943,"(47.617046943, -122.324495888)",,,,
1612169,13000358935,2013358935,050,"BURGLARY - RESIDENTIAL, UNOCCUPIED",RESIDENTIAL BURGLARIES,BURGLARY,10/03/2013 02:55:00 AM,14XX BLOCK OF E WARD ST,C,C1,6500.2009,-122.313570002,47.627648768,"(47.627648768, -122.313570002)",,,,
1611933,13000358718,2013358718,201,ALARMS - RESIDENTIAL BURGLARY (FALSE),BURGLARY ALARMS (FALSE),FALSE ALARMS,10/02/2013 09:09:00 PM,22XX BLOCK OF 38 PL E,C,C3,6300.6003,-122.283869179,47.639042669,"(47.639042669, -122.283869179)",,,,
1611837,13000358557,2013358557,201,ALARMS - RESIDENTIAL BURGLARY (FALSE),BURGLARY ALARMS (FALSE),FALSE ALARMS,10/02/2013 07:16:00 PM,39XX BLOCK OF E MC GRAW ST,C,C3,6300.6001,-122.282305487,47.640058671,"(47.640058671, -122.282305487)",,,,
1611792,13000358551,2013358551,201,ALARMS - RESIDENTIAL BURGLARY (FALSE),BURGLARY ALARMS (FALSE),FALSE ALARMS,10/02/2013 06:43:00 PM,22XX BLOCK OF 39 AV E,C,C3,6300.6004,-122.282890846,47.63903536,"(47.63903536, -122.282890846)",,,,
1611707,13000358304,2013358304,050,"BURGLARY - RESIDENTIAL, UNOCCUPIED",RESIDENTIAL BURGLARIES,BURGLARY,10/02/2013 04:45:00 PM,31XX BLOCK OF FUHRMAN AV E,C,C1,6100.1002,-122.319244043,47.649326822,"(47.649326822, -122.319244043)",,,,
1611695,13000358323,2013358323,050,"BURGLARY - RESIDENTIAL, UNOCCUPIED",RESIDENTIAL BURGLARIES,BURGLARY,10/02/2013 04:39:00 PM,9XX BLOCK OF 33 AV S,G,G3,8900.2011,-122.290328507,47.594027105,"(47.594027105, -122.290328507)",,,,
1611606,13000358116,2013358116,050,"BURGLARY - RESIDENTIAL, UNOCCUPIED",RESIDENTIAL BURGLARIES,BURGLARY,10/02/2013 03:06:00 PM,9XX BLOCK OF 20 AV S,G,G2,9400.2013,-122.306221825,47.594138175,"(47.594138175, -122.306221825)",,,,
1611467,13000357906,2013357906,053,BURGLARY - UNOCCUPIED STRUCTURE ON RESIDENTIAL PROPERTY,RESIDENTIAL BURGLARIES,BURGLARY,10/02/2013 11:24:00 AM,4XX BLOCK OF HARVARD AV E,E,E1,7400.2001,-122.322016609,47.622563352,"(47.622563352, -122.322016609)",,,,
1610558,13000357017,2013357017,201,ALARMS - RESIDENTIAL BURGLARY (FALSE),BURGLARY ALARMS (FALSE),FALSE ALARMS,10/01/2013 03:33:00 PM,37XX BLOCK OF E PROSPECT ST,C,C3,6300.3012,-122.284798559,47.628563833,"(47.628563833, -122.284798559)",,,,
1610534,13000356993,2013356993,201,ALARMS - RESIDENTIAL BURGLARY (FALSE),BURGLARY ALARMS (FALSE),FALSE ALARMS,10/01/2013 03:03:00 PM,1XX BLOCK OF 29 AV,G,G3,8800.3011,-122.294930502,47.602602289,"(47.602602289, -122.294930502)",,,,
1610399,13000356842,2013356842,201,ALARMS - RESIDENTIAL BURGLARY (FALSE),BURGLARY ALARMS (FALSE),FALSE ALARMS,10/01/2013 12:36:00 PM,10XX BLOCK OF BOYLSTON AV E,C,C1,6600.1011,-122.323524085,47.628269835,"(47.628269835, -122.323524085)",,,,
1610318,13000356724,2013356724,201,ALARMS - RESIDENTIAL BURGLARY (FALSE),BURGLARY ALARMS (FALSE),FALSE ALARMS,10/01/2013 10:24:00 AM,2XX BLOCK OF 32 AV E,C,C3,7800.7005,-122.291190183,47.62073727,"(47.62073727, -122.291190183)",,,,
1609544,13000355459,2013355459,053,BURGLARY - UNOCCUPIED STRUCTURE ON RESIDENTIAL PROPERTY,RESIDENTIAL BURGLARIES,BURGLARY,09/30/2013 01:48:00 PM,XX BLOCK OF E ROANOKE ST,C,C1,6100.5006,-122.32733037,47.64319165,"(47.64319165, -122.32733037)",,,,
1609243,13000355447,2013355447,201,ALARMS - RESIDENTIAL BURGLARY (FALSE),BURGLARY ALARMS (FALSE),FALSE ALARMS,09/30/2013 10:07:00 AM,41XX BLOCK OF E LEE ST,C,C3,6300.2011,-122.279648072,47.630946464,"(47.630946464, -122.279648072)",,,,
1609274,13000355381,2013355381,201,ALARMS - RESIDENTIAL BURGLARY (FALSE),BURGLARY ALARMS (FALSE),FALSE ALARMS,09/30/2013 08:24:00 AM,9XX BLOCK OF 30 AV S,G,G3,8900.2004,-122.293338217,47.593873178,"(47.593873178, -122.293338217)",,,,
1608291,13000354475,2013354475,201,ALARMS - RESIDENTIAL BURGLARY (FALSE),BURGLARY ALARMS (FALSE),FALSE ALARMS,09/29/2013 12:38:00 PM,26XX BLOCK OF E HOWELL ST,C,C3,7700.4015,-122.298009764,47.617631721,"(47.617631721, -122.298009764)",,,,
1608381,13000354314,2013354314,053,BURGLARY - UNOCCUPIED STRUCTURE ON RESIDENTIAL PROPERTY,RESIDENTIAL BURGLARIES,BURGLARY,09/29/2013 10:49:00 AM,6XX BLOCK OF BELMONT AV E,E,E1,7400.7000,-122.324039344,47.624705385,"(47.624705385, -122.324039344)",,,,
1608411,13000354267,2013354267,051,"BURGLARY - RESIDENTIAL, OCCUPIED",RESIDENTIAL BURGLARIES,BURGLARY,09/29/2013 08:46:00 AM,4XX BLOCK OF 10 AV E,E,E1,7500.3005,-122.319915464,47.622554088,"(47.622554088, -122.319915464)",,,,
1608665,13000353814,2013353814,053,BURGLARY - UNOCCUPIED STRUCTURE ON RESIDENTIAL PROPERTY,RESIDENTIAL BURGLARIES,BURGLARY,09/28/2013 11:33:00 PM,6XX BLOCK OF BELMONT AV E,E,E1,7400.7000,-122.324039344,47.624705385,"(47.624705385, -122.324039344)",,,,
1608759,13000353660,2013353660,053,BURGLARY - UNOCCUPIED STRUCTURE ON RESIDENTIAL PROPERTY,RESIDENTIAL BURGLARIES,BURGLARY,09/28/2013 10:15:00 PM,10XX BLOCK OF BELMONT AV E,C,C1,6600.1008,-122.326860115,47.628075218,"(47.628075218, -122.326860115)",,,,
1608882,13000353447,2013353447,201,ALARMS - RESIDENTIAL BURGLARY (FALSE),BURGLARY ALARMS (FALSE),FALSE ALARMS,09/28/2013 07:36:00 PM,9XX BLOCK OF 33 AV S,G,G3,8900.2011,-122.290328507,47.594027105,"(47.594027105, -122.290328507)",,,,
1609084,13000353089,2013353089,053,BURGLARY - UNOCCUPIED STRUCTURE ON RESIDENTIAL PROPERTY,RESIDENTIAL BURGLARIES,BURGLARY,09/28/2013 07:19:00 PM,4XX BLOCK OF 16 AV E,C,C2,7600.3002,-122.311348762,47.622669215,"(47.622669215, -122.311348762)",,,,
1609050,13000353157,2013353157,053,BURGLARY - UNOCCUPIED STRUCTURE ON RESIDENTIAL PROPERTY,RESIDENTIAL BURGLARIES,BURGLARY,09/28/2013 04:12:00 PM,7XX BLOCK OF BELLEVUE AV E,C,C1,6600.1008,-122.326573246,47.626043159,"(47.626043159, -122.326573246)",,,,
1609149,13000352920,2013352920,053,BURGLARY - UNOCCUPIED STRUCTURE ON RESIDENTIAL PROPERTY,RESIDENTIAL BURGLARIES,BURGLARY,09/28/2013 11:14:00 AM,32XX BLOCK OF EASTLAKE AV E,C,C1,6100.1004,-122.321710479,47.651015609,"(47.651015609, -122.321710479)",,,,
1609080,13000353098,2013353098,201,ALARMS - RESIDENTIAL BURGLARY (FALSE),BURGLARY ALARMS (FALSE),FALSE ALARMS,09/28/2013 11:09:00 AM,9XX BLOCK OF 21 AV,G,G1,7900.1006,-122.304989603,47.611474338,"(47.611474338, -122.304989603)",,,,
1609211,13000352759,2013352759,051,"BURGLARY - RESIDENTIAL, OCCUPIED",RESIDENTIAL BURGLARIES,BURGLARY,09/28/2013 05:36:00 AM,7XX BLOCK OF 16 AV E,C,C1,6400.2011,-122.311298041,47.626062946,"(47.626062946, -122.311298041)",,,,
1551289,13000352158,2013352158,053,BURGLARY - UNOCCUPIED STRUCTURE ON RESIDENTIAL PROPERTY,RESIDENTIAL BURGLARIES,BURGLARY,09/27/2013 11:12:00 PM,7XX BLOCK OF E DENNY WY,E,E1,7400.3004,-122.322862024,47.618730294,"(47.618730294, -122.322862024)",,,,
1551070,13000352095,2013352095,050,"BURGLARY - RESIDENTIAL, UNOCCUPIED",RESIDENTIAL BURGLARIES,BURGLARY,09/27/2013 07:54:00 PM,2XX BLOCK OF 18 AV,G,G1,8700.4006,-122.308959512,47.603921686,"(47.603921686, -122.308959512)",,,,
1550765,13000351658,2013351658,201,ALARMS - RESIDENTIAL BURGLARY (FALSE),BURGLARY ALARMS (FALSE),FALSE ALARMS,09/27/2013 02:48:00 PM,16XX BLOCK OF INTERLAKEN PL E,C,C1,6200.3011,-122.302704624,47.634208174,"(47.634208174, -122.302704624)",,,,
1550588,13000351404,2013351404,051,"BURGLARY - RESIDENTIAL, OCCUPIED",RESIDENTIAL BURGLARIES,BURGLARY,09/27/2013 11:01:00 AM,34XX BLOCK OF E PIKE ST,C,C3,7800.5012,-122.288729965,47.614048104,"(47.614048104, -122.288729965)",,,,
1550545,13000351436,2013351436,201,ALARMS - RESIDENTIAL BURGLARY (FALSE),BURGLARY ALARMS (FALSE),FALSE ALARMS,09/27/2013 09:47:00 AM,18XX BLOCK OF 26 AV,C,C3,7700.4015,-122.298568484,47.618263168,"(47.618263168, -122.298568484)",,,,
1549905,13000350616,2013350616,201,ALARMS - RESIDENTIAL BURGLARY (FALSE),BURGLARY ALARMS (FALSE),FALSE ALARMS,09/26/2013 05:10:00 PM,10XX BLOCK OF 14 AV E,C,C1,6500.2008,-122.314575121,47.628036933,"(47.628036933, -122.314575121)",,,,
1549882,13000350423,2013350423,051,"BURGLARY - RESIDENTIAL, OCCUPIED",RESIDENTIAL BURGLARIES,BURGLARY,09/26/2013 04:42:00 PM,3XX BLOCK OF 29 AV,G,G3,8800.2012,-122.294920111,47.605182829,"(47.605182829, -122.294920111)",,,,
1549787,13000350514,2013350514,201,ALARMS - RESIDENTIAL BURGLARY (FALSE),BURGLARY ALARMS (FALSE),FALSE ALARMS,09/26/2013 03:04:00 PM,11XX BLOCK OF 25 AV E,C,C3,6400.1012,-122.300333563,47.62976201,"(47.62976201, -122.300333563)",,,,
1549243,13000349967,2013349967,201,ALARMS - RESIDENTIAL BURGLARY (FALSE),BURGLARY ALARMS (FALSE),FALSE ALARMS,09/26/2013 01:09:00 AM,12XX BLOCK OF 18 AV E,C,C1,6400.2001,-122.308583387,47.631476348,"(47.631476348, -122.308583387)",,,,
1549733,13000349485,2013349485,053,BURGLARY - UNOCCUPIED STRUCTURE ON RESIDENTIAL PROPERTY,RESIDENTIAL BURGLARIES,BURGLARY,09/25/2013 06:11:00 PM,15XX BLOCK OF E MADISON ST,G,G1,7900.4004,-122.312115479,47.614771773,"(47.614771773, -122.312115479)",,,,
1548859,13000349358,2013349358,051,"BURGLARY - RESIDENTIAL, OCCUPIED",RESIDENTIAL BURGLARIES,BURGLARY,09/25/2013 05:26:00 PM,3XX BLOCK OF LAKESIDE AV S,G,G3,8900.1999,-122.286508679,47.599372616,"(47.599372616, -122.286508679)",,,,
1548830,13000349503,2013349503,051,"BURGLARY - RESIDENTIAL, OCCUPIED",RESIDENTIAL BURGLARIES,BURGLARY,09/25/2013 04:56:00 PM,14XX BLOCK OF E MERCER ST,C,C1,6500.2012,-122.314123664,47.62425624,"(47.62425624, -122.314123664)",,,,
1548703,13000349274,2013349274,201,ALARMS - RESIDENTIAL BURGLARY (FALSE),BURGLARY ALARMS (FALSE),FALSE ALARMS,09/25/2013 02:21:00 PM,13XX BLOCK OF E BOSTON ST,C,C1,6500.1001,-122.314953886,47.638265002,"(47.638265002, -122.314953886)",,,,
1548633,13000349284,2013349284,201,ALARMS - RESIDENTIAL BURGLARY (FALSE),BURGLARY ALARMS (FALSE),FALSE ALARMS,09/25/2013 01:18:00 PM,6XX BLOCK OF RANDOLPH PL,G,G3,7800.2002,-122.285689889,47.607439386,"(47.607439386, -122.285689889)",,,,
1548516,13000349059,2013349059,201,ALARMS - RESIDENTIAL BURGLARY (FALSE),BURGLARY ALARMS (FALSE),FALSE ALARMS,09/25/2013 10:14:00 AM,24XX BLOCK OF 24 AV E,C,C3,6200.5011,-122.302062069,47.641353186,"(47.641353186, -122.302062069)",,,,
1548442,13000348925,2013348925,201,ALARMS - RESIDENTIAL BURGLARY (FALSE),BURGLARY ALARMS (FALSE),FALSE ALARMS,09/25/2013 07:54:00 AM,11XX BLOCK OF HARVARD AV E,C,C1,6500.4002,-122.322319734,47.629579792,"(47.629579792, -122.322319734)",,,,
1547761,13000348100,2013348100,050,"BURGLARY - RESIDENTIAL, UNOCCUPIED",RESIDENTIAL BURGLARIES,BURGLARY,09/24/2013 02:45:00 PM,1XX BLOCK OF 11 AV E,C,C2,7500.5006,-122.318224648,47.619343095,"(47.619343095, -122.318224648)",,,,
1547759,13000347889,2013347889,050,"BURGLARY - RESIDENTIAL, UNOCCUPIED",RESIDENTIAL BURGLARIES,BURGLARY,09/24/2013 02:32:00 PM,3XX BLOCK OF CORYELL CT E,C,C1,7600.2002,-122.307882052,47.6209431,"(47.6209431, -122.307882052)",,,,
1547722,13000348085,2013348085,050,"BURGLARY - RESIDENTIAL, UNOCCUPIED",RESIDENTIAL BURGLARIES,BURGLARY,09/24/2013 01:54:00 PM,1XX BLOCK OF 11 AV E,C,C2,7500.5006,-122.318224648,47.619343095,"(47.619343095, -122.318224648)",,,,
1547714,13000347970,2013347970,201,ALARMS - RESIDENTIAL BURGLARY (FALSE),BURGLARY ALARMS (FALSE),FALSE ALARMS,09/24/2013 01:39:00 PM,23XX BLOCK OF 42 AV E,C,C3,6300.1008,-122.278420155,47.639907921,"(47.639907921, -122.278420155)",,,,
1547621,13000347760,2013347760,051,"BURGLARY - RESIDENTIAL, OCCUPIED",RESIDENTIAL BURGLARIES,BURGLARY,09/24/2013 10:29:00 AM,16XX BLOCK OF 19 AV,G,G1,7900.2002,-122.307426985,47.616000183,"(47.616000183, -122.307426985)",,,,
1547578,13000347792,2013347792,201,ALARMS - RESIDENTIAL BURGLARY (FALSE),BURGLARY ALARMS (FALSE),FALSE ALARMS,09/24/2013 10:25:00 AM,18XX BLOCK OF E MC GRAW ST,C,C3,6200.5007,-122.308335183,47.640283629,"(47.640283629, -122.308335183)",,,,
1547288,13000347394,2013347394,201,ALARMS - RESIDENTIAL BURGLARY (FALSE),BURGLARY ALARMS (FALSE),FALSE ALARMS,09/23/2013 10:54:00 PM,8XX BLOCK OF HILLSIDE DR E,C,C3,6300.3012,-122.285452827,47.625084036,"(47.625084036, -122.285452827)",,,,
1547233,13000347169,2013347169,050,"BURGLARY - RESIDENTIAL, UNOCCUPIED",RESIDENTIAL BURGLARIES,BURGLARY,09/23/2013 09:10:00 PM,24XX BLOCK OF E MARION ST,G,G3,8800.5010,-122.30080249,47.610019291,"(47.610019291, -122.30080249)",,,,
1547098,13000347003,2013347003,050,"BURGLARY - RESIDENTIAL, UNOCCUPIED",RESIDENTIAL BURGLARIES,BURGLARY,09/23/2013 06:45:00 PM,15XX BLOCK OF 29 AV,C,C3,7700.2014,-122.294869839,47.614695592,"(47.614695592, -122.294869839)",,,,
1546945,13000346580,2013346580,050,"BURGLARY - RESIDENTIAL, UNOCCUPIED",RESIDENTIAL BURGLARIES,BURGLARY,09/23/2013 03:37:00 PM,16XX BLOCK OF 30 AV,C,C3,7700.2010,-122.293551675,47.615856799,"(47.615856799, -122.293551675)",,,,
1546856,13000346794,2013346794,201,ALARMS - RESIDENTIAL BURGLARY (FALSE),BURGLARY ALARMS (FALSE),FALSE ALARMS,09/23/2013 01:36:00 PM,11XX BLOCK OF BROADWAY E,C,C1,6500.4002,-122.321265228,47.629579208,"(47.629579208, -122.321265228)",,,,
1546606,13000346319,2013346319,050,"BURGLARY - RESIDENTIAL, UNOCCUPIED",RESIDENTIAL BURGLARIES,BURGLARY,09/23/2013 05:37:00 AM,12XX BLOCK OF S MAIN ST,E,E3,9000.3009,-122.316550164,47.600011025,"(47.600011025, -122.316550164)",,,,
1546537,13000346317,2013346317,201,ALARMS - RESIDENTIAL BURGLARY (FALSE),BURGLARY ALARMS (FALSE),FALSE ALARMS,09/23/2013 02:05:00 AM,5XX BLOCK OF 16 AV E,C,C1,7600.4005,-122.311329896,47.623847654,"(47.623847654, -122.311329896)",,,,
1547008,13000346212,2013346212,050,"BURGLARY - RESIDENTIAL, UNOCCUPIED",RESIDENTIAL BURGLARIES,BURGLARY,09/23/2013 01:17:00 AM,16XX BLOCK OF 21 AV,G,G1,7900.2000,-122.304867503,47.61620162,"(47.61620162, -122.304867503)",,,,
1546123,13000345837,2013345837,201,ALARMS - RESIDENTIAL BURGLARY (FALSE),BURGLARY ALARMS (FALSE),FALSE ALARMS,09/22/2013 03:44:00 PM,28XX BLOCK OF E INTERLAKEN BV,C,C3,6200.2012,-122.298629564,47.633244428,"(47.633244428, -122.298629564)",,,,
1545990,13000345579,2013345579,201,ALARMS - RESIDENTIAL BURGLARY (FALSE),BURGLARY ALARMS (FALSE),FALSE ALARMS,09/22/2013 12:30:00 PM,20XX BLOCK OF 42 AV E,C,C3,6300.1006,-122.278439787,47.638033311,"(47.638033311, -122.278439787)",,,,
1548210,13000345416,2013345416,051,"BURGLARY - RESIDENTIAL, OCCUPIED",RESIDENTIAL BURGLARIES,BURGLARY,09/22/2013 07:27:00 AM,28XX BLOCK OF BOYER AV E,C,C1,6100.2003,-122.317072346,47.646266137,"(47.646266137, -122.317072346)",,,,
1545358,13000344568,2013344568,050,"BURGLARY - RESIDENTIAL, UNOCCUPIED",RESIDENTIAL BURGLARIES,BURGLARY,09/21/2013 07:24:00 PM,7XX BLOCK OF BELLEVUE AV E,C,C1,6600.1008,-122.326573246,47.626043159,"(47.626043159, -122.326573246)",,,,
1545355,13000344608,2013344608,050,"BURGLARY - RESIDENTIAL, UNOCCUPIED",RESIDENTIAL BURGLARIES,BURGLARY,09/21/2013 07:22:00 PM,23XX BLOCK OF BOYLSTON AV E,C,C1,6100.4010,-122.32345947,47.64087803,"(47.64087803, -122.32345947)",,,,
1545267,13000344483,2013344483,053,BURGLARY - UNOCCUPIED STRUCTURE ON RESIDENTIAL PROPERTY,RESIDENTIAL BURGLARIES,BURGLARY,09/21/2013 05:19:00 PM,32XX BLOCK OF EASTLAKE AV E,C,C1,6100.1003,-122.321710479,47.651015609,"(47.651015609, -122.321710479)",,,,
1546763,13000344181,2013344181,050,"BURGLARY - RESIDENTIAL, UNOCCUPIED",RESIDENTIAL BURGLARIES,BURGLARY,09/21/2013 03:32:00 PM,1XX BLOCK OF 11 AV E,C,C2,7500.5006,-122.318224648,47.619343095,"(47.619343095, -122.318224648)",,,,
1545200,13000344506,2013344506,201,ALARMS - RESIDENTIAL BURGLARY (FALSE),BURGLARY ALARMS (FALSE),FALSE ALARMS,09/21/2013 03:27:00 PM,23XX BLOCK OF E ROY ST,C,C3,6400.3013,-122.301782755,47.625194612,"(47.625194612, -122.301782755)",,,,
1545196,13000344274,2013344274,050,"BURGLARY - RESIDENTIAL, UNOCCUPIED",RESIDENTIAL BURGLARIES,BURGLARY,09/21/2013 03:12:00 PM,27XX BLOCK OF EASTLAKE AV E,C,C1,6100.5010,-122.325880914,47.645058496,"(47.645058496, -122.325880914)",,,,
1545176,13000344260,2013344260,053,BURGLARY - UNOCCUPIED STRUCTURE ON RESIDENTIAL PROPERTY,RESIDENTIAL BURGLARIES,BURGLARY,09/21/2013 02:50:00 PM,7XX BLOCK OF BELLEVUE AV E,C,C1,6600.1008,-122.326573246,47.626043159,"(47.626043159, -122.326573246)",,,,
1545039,13000344270,2013344270,201,ALARMS - RESIDENTIAL BURGLARY (FALSE),BURGLARY ALARMS (FALSE),FALSE ALARMS,09/21/2013 12:01:00 PM,3XX BLOCK OF 29 AV E,C,C3,7700.1007,-122.294810876,47.621922165,"(47.621922165, -122.294810876)",,,,
1544983,13000344230,2013344230,201,ALARMS - RESIDENTIAL BURGLARY (FALSE),BURGLARY ALARMS (FALSE),FALSE ALARMS,09/21/2013 10:31:00 AM,9XX BLOCK OF 28 AV S,G,G3,8900.3002,-122.296583715,47.593900644,"(47.593900644, -122.296583715)",,,,
1544482,13000343458,2013343458,201,ALARMS - RESIDENTIAL BURGLARY (FALSE),BURGLARY ALARMS (FALSE),FALSE ALARMS,09/20/2013 08:13:00 PM,3XX BLOCK OF 17 AV,G,G1,8700.4001,-122.310232248,47.605254371,"(47.605254371, -122.310232248)",,,,
1544485,13000343378,2013343378,201,ALARMS - RESIDENTIAL BURGLARY (FALSE),BURGLARY ALARMS (FALSE),FALSE ALARMS,09/20/2013 08:06:00 PM,12XX BLOCK OF SHENANDOAH DR E,C,C3,6300.5006,-122.2895328,47.630724099,"(47.630724099, -122.2895328)",,,,
1544240,13000343110,2013343110,201,ALARMS - RESIDENTIAL BURGLARY (FALSE),BURGLARY ALARMS (FALSE),FALSE ALARMS,09/20/2013 03:08:00 PM,35XX BLOCK OF E TERRACE ST,G,G3,7800.2002,-122.288835412,47.605366824,"(47.605366824, -122.288835412)",,,,
1544146,13000342882,2013342882,051,"BURGLARY - RESIDENTIAL, OCCUPIED",RESIDENTIAL BURGLARIES,BURGLARY,09/20/2013 01:26:00 PM,20XX BLOCK OF 26 AV E,C,C3,6200.2003,-122.299421352,47.638711249,"(47.638711249, -122.299421352)",,,,
1544130,13000342970,2013342970,201,ALARMS - RESIDENTIAL BURGLARY (FALSE),BURGLARY ALARMS (FALSE),FALSE ALARMS,09/20/2013 01:15:00 PM,15XX BLOCK OF 40 AV,C,C3,7800.1009,-122.282218612,47.614957607,"(47.614957607, -122.282218612)",,,,
1544033,13000342665,2013342665,053,BURGLARY - UNOCCUPIED STRUCTURE ON RESIDENTIAL PROPERTY,RESIDENTIAL BURGLARIES,BURGLARY,09/20/2013 11:23:00 AM,7XX BLOCK OF E DENNY WY,E,E1,7400.3004,-122.322862024,47.618730294,"(47.618730294, -122.322862024)",,,,
1544015,13000342834,2013342834,201,ALARMS - RESIDENTIAL BURGLARY (FALSE),BURGLARY ALARMS (FALSE),FALSE ALARMS,09/20/2013 11:17:00 AM,5XX BLOCK OF 19 AV,G,G1,8700.1011,-122.307629044,47.607092715,"(47.607092715, -122.307629044)",,,,
1543994,13000342797,2013342797,201,ALARMS - RESIDENTIAL BURGLARY (FALSE),BURGLARY ALARMS (FALSE),FALSE ALARMS,09/20/2013 10:43:00 AM,1XX BLOCK OF 23 AV,G,G1,8700.2013,-122.302433439,47.602157596,"(47.602157596, -122.302433439)",,,,
1543981,13000342757,2013342757,201,ALARMS - RESIDENTIAL BURGLARY (FALSE),BURGLARY ALARMS (FALSE),FALSE ALARMS,09/20/2013 10:21:00 AM,26XX BLOCK OF E GARFIELD ST,C,C3,6200.2011,-122.299320938,47.632690493,"(47.632690493, -122.299320938)",,,,
1543446,13000342022,2013342022,201,ALARMS - RESIDENTIAL BURGLARY (FALSE),BURGLARY ALARMS (FALSE),FALSE ALARMS,09/19/2013 08:29:00 PM,2XX BLOCK OF 17 AV S,G,G2,9000.3014,-122.310268654,47.600422453,"(47.600422453, -122.310268654)",,,,
1543387,13000341973,2013341973,050,"BURGLARY - RESIDENTIAL, UNOCCUPIED",RESIDENTIAL BURGLARIES,BURGLARY,09/19/2013 07:20:00 PM,4XX BLOCK OF 14 AV E,C,C2,7500.1003,-122.314663146,47.622532144,"(47.622532144, -122.314663146)",,,,
1543258,13000341708,2013341708,201,ALARMS - RESIDENTIAL BURGLARY (FALSE),BURGLARY ALARMS (FALSE),FALSE ALARMS,09/19/2013 04:59:00 PM,27XX BLOCK OF 10 AV E,C,C1,6100.2008,-122.319591285,47.645052581,"(47.645052581, -122.319591285)",,,,
1542687,13000340790,2013340790,053,BURGLARY - UNOCCUPIED STRUCTURE ON RESIDENTIAL PROPERTY,RESIDENTIAL BURGLARIES,BURGLARY,09/19/2013 12:35:00 AM,5XX BLOCK OF BROADWAY E,C,C1,7400.1005,-122.320933327,47.62369898,"(47.62369898, -122.320933327)",,,,
1542615,13000340641,2013340641,201,ALARMS - RESIDENTIAL BURGLARY (FALSE),BURGLARY ALARMS (FALSE),FALSE ALARMS,09/18/2013 10:51:00 PM,20XX BLOCK OF 42 AV E,C,C3,6300.1007,-122.278439787,47.638033311,"(47.638033311, -122.278439787)",,,,
1542463,13000340471,2013340471,201,ALARMS - RESIDENTIAL BURGLARY (FALSE),BURGLARY ALARMS (FALSE),FALSE ALARMS,09/18/2013 08:27:00 PM,15XX BLOCK OF INTERLAKEN PL E,C,C3,6200.2009,-122.300940292,47.632932678,"(47.632932678, -122.300940292)",,,,
1542227,13000340359,2013340359,053,BURGLARY - UNOCCUPIED STRUCTURE ON RESIDENTIAL PROPERTY,RESIDENTIAL BURGLARIES,BURGLARY,09/18/2013 04:14:00 PM,8XX BLOCK OF E HARRISON ST,E,E1,7400.2005,-122.321465922,47.621991015,"(47.621991015, -122.321465922)",,,,
1542133,13000340183,2013340183,051,"BURGLARY - RESIDENTIAL, OCCUPIED",RESIDENTIAL BURGLARIES,BURGLARY,09/18/2013 02:14:00 PM,E LEE ST / 39 AV E,C,C3,6300.3005,-122.282712122,47.630962401,"(47.630962401, -122.282712122)",,,,
1542020,13000340141,2013340141,201,ALARMS - RESIDENTIAL BURGLARY (FALSE),BURGLARY ALARMS (FALSE),FALSE ALARMS,09/18/2013 11:40:00 AM,2XX BLOCK OF 26 AV E,C,C3,7700.4003,-122.29856798,47.620773237,"(47.620773237, -122.29856798)",,,,
1541992,13000339921,2013339921,201,ALARMS - RESIDENTIAL BURGLARY (FALSE),BURGLARY ALARMS (FALSE),FALSE ALARMS,09/18/2013 11:01:00 AM,10XX BLOCK OF BELMONT PL E,C,C1,6600.1010,-122.32422913,47.628431393,"(47.628431393, -122.32422913)",,,,
1541804,13000339729,2013339729,201,ALARMS - RESIDENTIAL BURGLARY (FALSE),BURGLARY ALARMS (FALSE),FALSE ALARMS,09/18/2013 04:58:00 AM,2XX BLOCK OF 27 AV E,C,C3,7700.5016,-122.297262187,47.620766559,"(47.620766559, -122.297262187)",,,,
1541609,13000339528,2013339528,201,ALARMS - RESIDENTIAL BURGLARY (FALSE),BURGLARY ALARMS (FALSE),FALSE ALARMS,09/17/2013 11:28:00 PM,8XX BLOCK OF HILLSIDE DR E,C,C3,6300.3012,-122.285452827,47.625084036,"(47.625084036, -122.285452827)",,,,
1541542,13000339240,2013339240,053,BURGLARY - UNOCCUPIED STRUCTURE ON RESIDENTIAL PROPERTY,RESIDENTIAL BURGLARIES,BURGLARY,09/17/2013 10:09:00 PM,5XX BLOCK OF HARVARD AV E,C,C1,7400.1005,-122.321998567,47.623701747,"(47.623701747, -122.321998567)",,,,
1541343,13000339156,2013339156,051,"BURGLARY - RESIDENTIAL, OCCUPIED",RESIDENTIAL BURGLARIES,BURGLARY,09/17/2013 06:59:00 PM,13XX BLOCK OF E THOMAS ST,C,C2,7500.1008,-122.315163786,47.621116749,"(47.621116749, -122.315163786)",,,,
1541171,13000338913,2013338913,053,BURGLARY - UNOCCUPIED STRUCTURE ON RESIDENTIAL PROPERTY,RESIDENTIAL BURGLARIES,BURGLARY,09/17/2013 04:03:00 PM,5XX BLOCK OF E REPUBLICAN ST,E,E1,7400.7007,-122.324671246,47.623139549,"(47.623139549, -122.324671246)",,,,
1541145,13000338881,2013338881,050,"BURGLARY - RESIDENTIAL, UNOCCUPIED",RESIDENTIAL BURGLARIES,BURGLARY,09/17/2013 03:29:00 PM,17XX BLOCK OF BELMONT AV,E,E1,7400.4003,-122.324495888,47.617046943,"(47.617046943, -122.324495888)",,,,
1541026,13000338755,2013338755,050,"BURGLARY - RESIDENTIAL, UNOCCUPIED",RESIDENTIAL BURGLARIES,BURGLARY,09/17/2013 01:07:00 PM,3XX BLOCK OF 13 AV E,C,C2,7500.3010,-122.315729873,47.62153399,"(47.62153399, -122.315729873)",,,,
1540977,13000338518,2013338518,051,"BURGLARY - RESIDENTIAL, OCCUPIED",RESIDENTIAL BURGLARIES,BURGLARY,09/17/2013 11:32:00 AM,9XX BLOCK OF 25 AV,G,G3,8800.5005,-122.300137991,47.610795397,"(47.610795397, -122.300137991)",,,,
1540961,13000338679,2013338679,053,BURGLARY - UNOCCUPIED STRUCTURE ON RESIDENTIAL PROPERTY,RESIDENTIAL BURGLARIES,BURGLARY,09/17/2013 11:28:00 AM,18XX BLOCK OF S JACKSON ST,G,G2,9000.3023,-122.308315124,47.599242912,"(47.599242912, -122.308315124)",,,,
1540937,13000338560,2013338560,050,"BURGLARY - RESIDENTIAL, UNOCCUPIED",RESIDENTIAL BURGLARIES,BURGLARY,09/17/2013 10:42:00 AM,9XX BLOCK OF 32 AV,G,G3,7800.4010,-122.291467672,47.611035224,"(47.611035224, -122.291467672)",,,,
1540886,13000338552,2013338552,201,ALARMS - RESIDENTIAL BURGLARY (FALSE),BURGLARY ALARMS (FALSE),FALSE ALARMS,09/17/2013 09:13:00 AM,14XX BLOCK OF 38 AV,G,G3,7800.4005,-122.284913664,47.613141062,"(47.613141062, -122.284913664)",,,,
1540558,13000337943,2013337943,050,"BURGLARY - RESIDENTIAL, UNOCCUPIED",RESIDENTIAL BURGLARIES,BURGLARY,09/16/2013 09:51:00 PM,16XX BLOCK OF MELROSE AV,E,E2,8400.1006,-122.327887314,47.616173736,"(47.616173736, -122.327887314)",,,,
1540537,13000337978,2013337978,050,"BURGLARY - RESIDENTIAL, UNOCCUPIED",RESIDENTIAL BURGLARIES,BURGLARY,09/16/2013 09:23:00 PM,4XX BLOCK OF E MERCER ST,E,E1,7400.7006,-122.325958359,47.624287563,"(47.624287563, -122.325958359)",,,,
1540515,13000338017,2013338017,053,BURGLARY - UNOCCUPIED STRUCTURE ON RESIDENTIAL PROPERTY,RESIDENTIAL BURGLARIES,BURGLARY,09/16/2013 09:06:00 PM,17XX BLOCK OF MELROSE AV,E,E1,7400.5007,-122.327864006,47.617783414,"(47.617783414, -122.327864006)",,,,
1540391,13000337236,2013337236,053,BURGLARY - UNOCCUPIED STRUCTURE ON RESIDENTIAL PROPERTY,RESIDENTIAL BURGLARIES,BURGLARY,09/16/2013 06:53:00 PM,10XX BLOCK OF E TERRACE ST,E,E3,8600.2009,-122.318760343,47.60520035,"(47.60520035, -122.318760343)",,,,
1540305,13000337929,2013337929,201,ALARMS - RESIDENTIAL BURGLARY (FALSE),BURGLARY ALARMS (FALSE),FALSE ALARMS,09/16/2013 05:48:00 PM,20XX BLOCK OF 42 AV E,C,C3,6300.1006,-122.278439787,47.638033311,"(47.638033311, -122.278439787)",,,,
1540236,13000337823,2013337823,050,"BURGLARY - RESIDENTIAL, UNOCCUPIED",RESIDENTIAL BURGLARIES,BURGLARY,09/16/2013 04:43:00 PM,4XX BLOCK OF E HARRISON ST,E,E1,7400.6002,-122.325945682,47.621984285,"(47.621984285, -122.325945682)",,,,
1540182,13000337542,2013337542,051,"BURGLARY - RESIDENTIAL, OCCUPIED",RESIDENTIAL BURGLARIES,BURGLARY,09/16/2013 03:50:00 PM,12XX BLOCK OF 39 AV E,C,C3,6300.3006,-122.282717491,47.630361272,"(47.630361272, -122.282717491)",,,,
1540798,13000337219,2013337219,053,BURGLARY - UNOCCUPIED STRUCTURE ON RESIDENTIAL PROPERTY,RESIDENTIAL BURGLARIES,BURGLARY,09/16/2013 11:44:00 AM,3XX BLOCK OF 10 AV,E,E3,8600.2011,-122.319411923,47.604780984,"(47.604780984, -122.319411923)",,,,
1539370,13000336432,2013336432,053,BURGLARY - UNOCCUPIED STRUCTURE ON RESIDENTIAL PROPERTY,RESIDENTIAL BURGLARIES,BURGLARY,09/15/2013 06:14:00 PM,4XX BLOCK OF SUMMIT AV E,E,E1,7400.6001,-122.325308916,47.622561852,"(47.622561852, -122.325308916)",,,,
1539218,13000336304,2013336304,050,"BURGLARY - RESIDENTIAL, UNOCCUPIED",RESIDENTIAL BURGLARIES,BURGLARY,09/15/2013 03:10:00 PM,1XX BLOCK OF 18 AV,G,G1,8700.4016,-122.308963558,47.602177178,"(47.602177178, -122.308963558)",,,,
1539209,13000336255,2013336255,053,BURGLARY - UNOCCUPIED STRUCTURE ON RESIDENTIAL PROPERTY,RESIDENTIAL BURGLARIES,BURGLARY,09/15/2013 03:08:00 PM,7XX BLOCK OF BELLEVUE AV E,C,C1,6600.1008,-122.326573246,47.626043159,"(47.626043159, -122.326573246)",,,,
1539505,13000336314,2013336314,050,"BURGLARY - RESIDENTIAL, UNOCCUPIED",RESIDENTIAL BURGLARIES,BURGLARY,09/15/2013 03:04:00 PM,7XX BLOCK OF 24 AV,G,G3,8800.4003,-122.301470247,47.608511196,"(47.608511196, -122.301470247)",,,,
1538395,13000335092,2013335092,050,"BURGLARY - RESIDENTIAL, UNOCCUPIED",RESIDENTIAL BURGLARIES,BURGLARY,09/14/2013 07:14:00 PM,1XX BLOCK OF 26 AV E,C,C3,7700.4001,-122.298568224,47.619550402,"(47.619550402, -122.298568224)",,,,
1538126,13000334671,2013334671,053,BURGLARY - UNOCCUPIED STRUCTURE ON RESIDENTIAL PROPERTY,RESIDENTIAL BURGLARIES,BURGLARY,09/14/2013 01:55:00 PM,10XX BLOCK OF E JOHN ST,C,C2,7500.5005,-122.31888661,47.619922193,"(47.619922193, -122.31888661)",,,,
1537723,13000333901,2013333901,050,"BURGLARY - RESIDENTIAL, UNOCCUPIED",RESIDENTIAL BURGLARIES,BURGLARY,09/14/2013 02:39:00 AM,14XX BLOCK OF E HARRISON ST,C,C2,7500.1005,-122.313146868,47.621948757,"(47.621948757, -122.313146868)",,,,
1537671,13000334194,2013334194,050,"BURGLARY - RESIDENTIAL, UNOCCUPIED",RESIDENTIAL BURGLARIES,BURGLARY,09/14/2013 01:43:00 AM,20XX BLOCK OF S NORMAN ST,G,G2,9000.1011,-122.305355923,47.59305843,"(47.59305843, -122.305355923)",,,,
1537513,13000334088,2013334088,201,ALARMS - RESIDENTIAL BURGLARY (FALSE),BURGLARY ALARMS (FALSE),FALSE ALARMS,09/13/2013 10:40:00 PM,2XX BLOCK OF DORFFEL DR E,C,C3,7800.7009,-122.284490289,47.620704714,"(47.620704714, -122.284490289)",,,,
1537364,13000333656,2013333656,053,BURGLARY - UNOCCUPIED STRUCTURE ON RESIDENTIAL PROPERTY,RESIDENTIAL BURGLARIES,BURGLARY,09/13/2013 07:51:00 PM,5XX BLOCK OF SUMMIT AV E,E,E1,7400.7006,-122.325314828,47.623713551,"(47.623713551, -122.325314828)",,,,
1537343,13000333917,2013333917,201,ALARMS - RESIDENTIAL BURGLARY (FALSE),BURGLARY ALARMS (FALSE),FALSE ALARMS,09/13/2013 07:47:00 PM,3XX BLOCK OF 20 AV,G,G1,8700.2004,-122.306341673,47.604749046,"(47.604749046, -122.306341673)",,,,
1536878,13000333145,2013333145,201,ALARMS - RESIDENTIAL BURGLARY (FALSE),BURGLARY ALARMS (FALSE),FALSE ALARMS,09/13/2013 10:01:00 AM,22XX BLOCK OF 39 AV E,C,C3,6300.6004,-122.282890846,47.63903536,"(47.63903536, -122.282890846)",,,,
1536807,13000333134,2013333134,201,ALARMS - RESIDENTIAL BURGLARY (FALSE),BURGLARY ALARMS (FALSE),FALSE ALARMS,09/13/2013 08:24:00 AM,7XX BLOCK OF 16 AV,G,G1,8700.3004,-122.311537522,47.608621452,"(47.608621452, -122.311537522)",,,,
1536734,13000332971,2013332971,050,"BURGLARY - RESIDENTIAL, UNOCCUPIED",RESIDENTIAL BURGLARIES,BURGLARY,09/13/2013 04:58:00 AM,17XX BLOCK OF SUMMIT AV,E,E1,7400.4003,-122.325552285,47.617040613,"(47.617040613, -122.325552285)",,,,
1536487,13000332603,2013332603,201,ALARMS - RESIDENTIAL BURGLARY (FALSE),BURGLARY ALARMS (FALSE),FALSE ALARMS,09/12/2013 10:41:00 PM,16XX BLOCK OF FEDERAL AV E,C,C1,6500.1022,-122.31905192,47.634038893,"(47.634038893, -122.31905192)",,,,
1535970,13000332090,2013332090,201,ALARMS - RESIDENTIAL BURGLARY (FALSE),BURGLARY ALARMS (FALSE),FALSE ALARMS,09/12/2013 01:28:00 PM,6XX BLOCK OF 38 AV,G,G3,7800.2002,-122.284940529,47.607566453,"(47.607566453, -122.284940529)",,,,
1535919,13000331934,2013331934,201,ALARMS - RESIDENTIAL BURGLARY (FALSE),BURGLARY ALARMS (FALSE),FALSE ALARMS,09/12/2013 12:21:00 PM,16XX BLOCK OF 40 AV,C,C3,7800.1009,-122.281991532,47.615770087,"(47.615770087, -122.281991532)",,,,
1535827,13000331887,2013331887,201,ALARMS - RESIDENTIAL BURGLARY (FALSE),BURGLARY ALARMS (FALSE),FALSE ALARMS,09/12/2013 10:18:00 AM,6XX BLOCK OF E PIKE ST,E,E2,8400.1019,-122.323926627,47.614100221,"(47.614100221, -122.323926627)",,,,
1535780,13000331791,2013331791,201,ALARMS - RESIDENTIAL BURGLARY (FALSE),BURGLARY ALARMS (FALSE),FALSE ALARMS,09/12/2013 08:47:00 AM,34XX BLOCK OF E VALLEY ST,C,C3,6300.3016,-122.28752649,47.626166745,"(47.626166745, -122.28752649)",,,,
1535572,13000331513,2013331513,201,ALARMS - RESIDENTIAL BURGLARY (FALSE),BURGLARY ALARMS (FALSE),FALSE ALARMS,09/12/2013 12:16:00 AM,18XX BLOCK OF 23 AV,C,C3,7700.4012,-122.302565685,47.618289237,"(47.618289237, -122.302565685)",,,,
1535498,13000331180,2013331180,051,"BURGLARY - RESIDENTIAL, OCCUPIED",RESIDENTIAL BURGLARIES,BURGLARY,09/11/2013 10:22:00 PM,16XX BLOCK OF 15 AV,C,C2,7500.2008,-122.312763699,47.615868781,"(47.615868781, -122.312763699)",,,,
1535422,13000331245,2013331245,050,"BURGLARY - RESIDENTIAL, UNOCCUPIED",RESIDENTIAL BURGLARIES,BURGLARY,09/11/2013 09:27:00 PM,15XX BLOCK OF 18 AV,G,G1,7900.4007,-122.308850573,47.614687012,"(47.614687012, -122.308850573)",,,,
1535403,13000331340,2013331340,050,"BURGLARY - RESIDENTIAL, UNOCCUPIED",RESIDENTIAL BURGLARIES,BURGLARY,09/11/2013 09:24:00 PM,11XX BLOCK OF E TERRACE ST,E,E3,8600.2008,-122.317444268,47.605197705,"(47.605197705, -122.317444268)",,,,
1535240,13000331070,2013331070,201,ALARMS - RESIDENTIAL BURGLARY (FALSE),BURGLARY ALARMS (FALSE),FALSE ALARMS,09/11/2013 05:59:00 PM,1XX BLOCK OF 21 AV E,C,C2,7600.2007,-122.304754284,47.619358468,"(47.619358468, -122.304754284)",,,,
1535221,13000331099,2013331099,201,ALARMS - RESIDENTIAL BURGLARY (FALSE),BURGLARY ALARMS (FALSE),FALSE ALARMS,09/11/2013 05:31:00 PM,10XX BLOCK OF E GALER ST,C,C1,6500.1023,-122.319679041,47.63228229,"(47.63228229, -122.319679041)",,,,
1535193,13000331071,2013331071,201,ALARMS - RESIDENTIAL BURGLARY (FALSE),BURGLARY ALARMS (FALSE),FALSE ALARMS,09/11/2013 05:15:00 PM,25XX BLOCK OF 25 AV E,C,C3,6200.1017,-122.30028475,47.642794078,"(47.642794078, -122.30028475)",,,,
1534942,13000330580,2013330580,053,BURGLARY - UNOCCUPIED STRUCTURE ON RESIDENTIAL PROPERTY,RESIDENTIAL BURGLARIES,BURGLARY,09/11/2013 12:12:00 PM,12 AV / E OLIVE ST,C,C2,7500.4004,-122.316874392,47.616431173,"(47.616431173, -122.316874392)",,,,
1534740,13000330330,2013330330,201,ALARMS - RESIDENTIAL BURGLARY (FALSE),BURGLARY ALARMS (FALSE),FALSE ALARMS,09/11/2013 06:56:00 AM,11XX BLOCK OF PARKSIDE DR E,C,C3,6300.4000,-122.291039774,47.629380044,"(47.629380044, -122.291039774)",,,,
1534469,13000329937,2013329937,051,"BURGLARY - RESIDENTIAL, OCCUPIED",RESIDENTIAL BURGLARIES,BURGLARY,09/10/2013 10:51:00 PM,17XX BLOCK OF SUMMIT AV,E,E1,7400.4003,-122.325552285,47.617040613,"(47.617040613, -122.325552285)",,,,
1534396,13000329939,2013329939,201,ALARMS - RESIDENTIAL BURGLARY (FALSE),BURGLARY ALARMS (FALSE),FALSE ALARMS,09/10/2013 09:52:00 PM,4XX BLOCK OF 28 AV S,G,G3,8900.5003,-122.296253689,47.598630655,"(47.598630655, -122.296253689)",,,,
1534320,13000329884,2013329884,201,ALARMS - RESIDENTIAL BURGLARY (FALSE),BURGLARY ALARMS (FALSE),FALSE ALARMS,09/10/2013 08:37:00 PM,4XX BLOCK OF 28 AV S,G,G3,8900.5003,-122.296253689,47.598630655,"(47.598630655, -122.296253689)",,,,
1536970,13000329635,2013329635,053,BURGLARY - UNOCCUPIED STRUCTURE ON RESIDENTIAL PROPERTY,RESIDENTIAL BURGLARIES,BURGLARY,09/10/2013 07:22:00 PM,7XX BLOCK OF BELLEVUE AV E,C,C1,6600.1008,-122.326573246,47.626043159,"(47.626043159, -122.326573246)",,,,
1533742,13000329054,2013329054,201,ALARMS - RESIDENTIAL BURGLARY (FALSE),BURGLARY ALARMS (FALSE),FALSE ALARMS,09/10/2013 09:04:00 AM,7XX BLOCK OF 30 AV S,G,G3,8900.5015,-122.293906187,47.596226734,"(47.596226734, -122.293906187)",,,,
1533476,13000328474,2013328474,051,"BURGLARY - RESIDENTIAL, OCCUPIED",RESIDENTIAL BURGLARIES,BURGLARY,09/09/2013 10:58:00 PM,11XX BLOCK OF E TERRACE ST,E,E3,8600.2008,-122.317444268,47.605197705,"(47.605197705, -122.317444268)",,,,
1533271,13000328315,2013328315,201,ALARMS - RESIDENTIAL BURGLARY (FALSE),BURGLARY ALARMS (FALSE),FALSE ALARMS,09/09/2013 07:12:00 PM,12XX BLOCK OF E HOWELL ST,C,C2,7500.4003,-122.316238577,47.617605387,"(47.617605387, -122.316238577)",,,,
1532338,13000326940,2013326940,050,"BURGLARY - RESIDENTIAL, UNOCCUPIED",RESIDENTIAL BURGLARIES,BURGLARY,09/08/2013 08:27:00 PM,10XX BLOCK OF E MERCER ST,C,C1,6500.3007,-122.319363322,47.624266492,"(47.624266492, -122.319363322)",,,,
1532321,13000326942,2013326942,201,ALARMS - RESIDENTIAL BURGLARY (FALSE),BURGLARY ALARMS (FALSE),FALSE ALARMS,09/08/2013 08:08:00 PM,3XX BLOCK OF 16 AV,G,G1,8700.4003,-122.311555754,47.605261101,"(47.605261101, -122.311555754)",,,,
1532077,13000326763,2013326763,201,ALARMS - RESIDENTIAL BURGLARY (FALSE),BURGLARY ALARMS (FALSE),FALSE ALARMS,09/08/2013 02:36:00 PM,1XX BLOCK OF 29 AV,G,G3,8800.3011,-122.294930502,47.602602289,"(47.602602289, -122.294930502)",,,,
1531177,13000325547,2013325547,201,ALARMS - RESIDENTIAL BURGLARY (FALSE),BURGLARY ALARMS (FALSE),FALSE ALARMS,09/07/2013 05:53:00 PM,31XX BLOCK OF BROADWAY E,C,C1,6100.1007,-122.32028043,47.649327655,"(47.649327655, -122.32028043)",,,,
1531165,13000325414,2013325414,050,"BURGLARY - RESIDENTIAL, UNOCCUPIED",RESIDENTIAL BURGLARIES,BURGLARY,09/07/2013 05:23:00 PM,4XX BLOCK OF HARVARD AV E,E,E1,7400.2001,-122.322016609,47.622563352,"(47.622563352, -122.322016609)",,,,
1531039,13000325341,2013325341,201,ALARMS - RESIDENTIAL BURGLARY (FALSE),BURGLARY ALARMS (FALSE),FALSE ALARMS,09/07/2013 03:14:00 PM,16XX BLOCK OF 31 AV,C,C3,7700.2011,-122.292392524,47.61585085,"(47.61585085, -122.292392524)",,,,
1530853,13000325086,2013325086,201,ALARMS - RESIDENTIAL BURGLARY (FALSE),BURGLARY ALARMS (FALSE),FALSE ALARMS,09/07/2013 11:14:00 AM,31XX BLOCK OF BROADWAY E,C,C1,6100.1007,-122.32028043,47.649327655,"(47.649327655, -122.32028043)",,,,
1530824,13000325011,2013325011,201,ALARMS - RESIDENTIAL BURGLARY (FALSE),BURGLARY ALARMS (FALSE),FALSE ALARMS,09/07/2013 10:18:00 AM,11XX BLOCK OF E SHELBY ST,C,C1,6100.1012,-122.317699686,47.646917822,"(47.646917822, -122.317699686)",,,,
1530150,13000324225,2013324225,201,ALARMS - RESIDENTIAL BURGLARY (FALSE),BURGLARY ALARMS (FALSE),FALSE ALARMS,09/06/2013 06:20:00 PM,3XX BLOCK OF 17 AV,G,G1,8700.4001,-122.310232248,47.605254371,"(47.605254371, -122.310232248)",,,,
1530141,13000324209,2013324209,201,ALARMS - RESIDENTIAL BURGLARY (FALSE),BURGLARY ALARMS (FALSE),FALSE ALARMS,09/06/2013 06:18:00 PM,11XX BLOCK OF 36 AV,G,G3,7800.4006,-122.28712634,47.612237601,"(47.612237601, -122.28712634)",,,,
1529531,13000323214,2013323214,053,BURGLARY - UNOCCUPIED STRUCTURE ON RESIDENTIAL PROPERTY,RESIDENTIAL BURGLARIES,BURGLARY,09/06/2013 02:14:00 AM,9XX BLOCK OF BROADWAY E,C,C1,6500.4004,-122.321283196,47.627752077,"(47.627752077, -122.321283196)",,,,
1529235,13000322935,2013322935,201,ALARMS - RESIDENTIAL BURGLARY (FALSE),BURGLARY ALARMS (FALSE),FALSE ALARMS,09/05/2013 07:10:00 PM,31XX BLOCK OF S KING ST,G,G3,8900.2000,-122.291996063,47.597983182,"(47.597983182, -122.291996063)",,,,
1528839,13000322487,2013322487,201,ALARMS - RESIDENTIAL BURGLARY (FALSE),BURGLARY ALARMS (FALSE),FALSE ALARMS,09/05/2013 11:53:00 AM,13XX BLOCK OF E DENNY WY,C,C2,7500.2002,-122.314951558,47.618782804,"(47.618782804, -122.314951558)",,,,
1528731,13000322258,2013322258,201,ALARMS - RESIDENTIAL BURGLARY (FALSE),BURGLARY ALARMS (FALSE),FALSE ALARMS,09/05/2013 08:14:00 AM,7XX BLOCK OF 13 AV E,C,C1,6500.3001,-122.31549652,47.62592827,"(47.62592827, -122.31549652)",,,,
1527689,13000321100,2013321100,053,BURGLARY - UNOCCUPIED STRUCTURE ON RESIDENTIAL PROPERTY,RESIDENTIAL BURGLARIES,BURGLARY,09/04/2013 12:52:00 PM,1XX BLOCK OF 20 AV E,C,C2,7600.2009,-122.306070805,47.619084174,"(47.619084174, -122.306070805)",,,,
1527613,13000320819,2013320819,201,ALARMS - RESIDENTIAL BURGLARY (FALSE),BURGLARY ALARMS (FALSE),FALSE ALARMS,09/04/2013 11:11:00 AM,35XX BLOCK OF S JACKSON ST,G,G3,8900.1002,-122.287254555,47.599102742,"(47.599102742, -122.287254555)",,,,
1527101,13000320333,2013320333,201,ALARMS - RESIDENTIAL BURGLARY (FALSE),BURGLARY ALARMS (FALSE),FALSE ALARMS,09/03/2013 08:57:00 PM,21XX BLOCK OF 38 AV E,C,C3,6300.6002,-122.28487047,47.638306807,"(47.638306807, -122.28487047)",,,,
1526845,13000319701,2013319701,050,"BURGLARY - RESIDENTIAL, UNOCCUPIED",RESIDENTIAL BURGLARIES,BURGLARY,09/03/2013 04:05:00 PM,18XX BLOCK OF 17 AV,C,C2,7900.5004,-122.31013865,47.61806222,"(47.61806222, -122.31013865)",,,,
1526762,13000319874,2013319874,201,ALARMS - RESIDENTIAL BURGLARY (FALSE),BURGLARY ALARMS (FALSE),FALSE ALARMS,09/03/2013 02:24:00 PM,XX BLOCK OF E ALLISON ST,C,C1,6100.5000,-122.324827191,47.649244321,"(47.649244321, -122.324827191)",,,,
1524405,13000319232,2013319232,201,ALARMS - RESIDENTIAL BURGLARY (FALSE),BURGLARY ALARMS (FALSE),FALSE ALARMS,09/03/2013 01:25:00 AM,8XX BLOCK OF HILLSIDE DR E,C,C3,7800.1004,-122.285452827,47.625084036,"(47.625084036, -122.285452827)",,,,
1524613,13000318920,2013318920,050,"BURGLARY - RESIDENTIAL, UNOCCUPIED",RESIDENTIAL BURGLARIES,BURGLARY,09/02/2013 09:45:00 PM,13XX BLOCK OF 30 AV S,G,G3,9500.1009,-122.293433103,47.590866864,"(47.590866864, -122.293433103)",,,,
1524783,13000318615,2013318615,053,BURGLARY - UNOCCUPIED STRUCTURE ON RESIDENTIAL PROPERTY,RESIDENTIAL BURGLARIES,BURGLARY,09/02/2013 03:51:00 PM,28XX BLOCK OF BOYLSTON AV E,C,C1,6100.5012,-122.323362,47.646309346,"(47.646309346, -122.323362)",,,,
1525449,13000317228,2013317228,053,BURGLARY - UNOCCUPIED STRUCTURE ON RESIDENTIAL PROPERTY,RESIDENTIAL BURGLARIES,BURGLARY,09/01/2013 01:37:00 PM,5XX BLOCK OF MELROSE AV E,E,E1,7400.7004,-122.327877258,47.623706371,"(47.623706371, -122.327877258)",,,,
1525528,13000316983,2013316983,201,ALARMS - RESIDENTIAL BURGLARY (FALSE),BURGLARY ALARMS (FALSE),FALSE ALARMS,09/01/2013 06:17:00 AM,4XX BLOCK OF 27 AV E,C,C3,7700.5011,-122.297689946,47.62349899,"(47.62349899, -122.297689946)",,,,
1526464,13000316701,2013316701,201,ALARMS - RESIDENTIAL BURGLARY (FALSE),BURGLARY ALARMS (FALSE),FALSE ALARMS,09/01/2013 12:20:00 AM,1XX BLOCK OF 28 AV,G,G3,8800.3003,-122.295983727,47.602604466,"(47.602604466, -122.295983727)",,,,
1525705,13000316493,2013316493,051,"BURGLARY - RESIDENTIAL, OCCUPIED",RESIDENTIAL BURGLARIES,BURGLARY,08/31/2013 10:52:00 PM,19XX BLOCK OF E MC GRAW ST,C,C3,6200.5014,-122.306392649,47.640275962,"(47.640275962, -122.306392649)",,,,
1526551,13000316272,2013316272,050,"BURGLARY - RESIDENTIAL, UNOCCUPIED",RESIDENTIAL BURGLARIES,BURGLARY,08/31/2013 05:49:00 PM,33XX BLOCK OF E FORD PL,C,C3,7800.7000,-122.28807591,47.624383086,"(47.624383086, -122.28807591)",,,,
1526935,13000315945,2013315945,050,"BURGLARY - RESIDENTIAL, UNOCCUPIED",RESIDENTIAL BURGLARIES,BURGLARY,08/31/2013 02:47:00 PM,13XX BLOCK OF 30 AV S,G,G3,9500.1009,-122.293433103,47.590866864,"(47.590866864, -122.293433103)",,,,
1525888,13000316037,2013316037,050,"BURGLARY - RESIDENTIAL, UNOCCUPIED",RESIDENTIAL BURGLARIES,BURGLARY,08/31/2013 02:44:00 PM,18XX BLOCK OF S LANE ST,G,G2,9000.2007,-122.307670138,47.596643405,"(47.596643405, -122.307670138)",,,,
1525908,13000316000,2013316000,201,ALARMS - RESIDENTIAL BURGLARY (FALSE),BURGLARY ALARMS (FALSE),FALSE ALARMS,08/31/2013 02:18:00 PM,7XX BLOCK OF 16 AV E,C,C1,6400.2012,-122.311298041,47.626062946,"(47.626062946, -122.311298041)",,,,
1525940,13000315947,2013315947,201,ALARMS - RESIDENTIAL BURGLARY (FALSE),BURGLARY ALARMS (FALSE),FALSE ALARMS,08/31/2013 01:28:00 PM,4XX BLOCK OF MC GILVRA BV E,C,C3,7800.1002,-122.284338486,47.623438659,"(47.623438659, -122.284338486)",,,,
1526015,13000315831,2013315831,201,ALARMS - RESIDENTIAL BURGLARY (FALSE),BURGLARY ALARMS (FALSE),FALSE ALARMS,08/31/2013 12:30:00 PM,22XX BLOCK OF 39 AV E,C,C3,6300.6004,-122.282890846,47.63903536,"(47.63903536, -122.282890846)",,,,
1526070,13000315735,2013315735,201,ALARMS - RESIDENTIAL BURGLARY (FALSE),BURGLARY ALARMS (FALSE),FALSE ALARMS,08/31/2013 09:42:00 AM,25XX BLOCK OF 39 AV E,C,C3,6300.1001,-122.282823796,47.641319403,"(47.641319403, -122.282823796)",,,,
1526090,13000315705,2013315705,201,ALARMS - RESIDENTIAL BURGLARY (FALSE),BURGLARY ALARMS (FALSE),FALSE ALARMS,08/31/2013 07:48:00 AM,11XX BLOCK OF 39 AV E,C,C3,6300.3011,-122.282728646,47.629155018,"(47.629155018, -122.282728646)",,,,
1524131,13000315245,2013315245,050,"BURGLARY - RESIDENTIAL, UNOCCUPIED",RESIDENTIAL BURGLARIES,BURGLARY,08/31/2013 01:15:00 AM,33XX BLOCK OF E FORD PL,C,C3,7800.7000,-122.28807591,47.624383086,"(47.624383086, -122.28807591)",,,,
1523881,13000315121,2013315121,201,ALARMS - RESIDENTIAL BURGLARY (FALSE),BURGLARY ALARMS (FALSE),FALSE ALARMS,08/30/2013 09:47:00 PM,4XX BLOCK OF ERIE AV,G,G3,7800.2003,-122.284576972,47.605498161,"(47.605498161, -122.284576972)",,,,
1523854,13000315075,2013315075,201,ALARMS - RESIDENTIAL BURGLARY (FALSE),BURGLARY ALARMS (FALSE),FALSE ALARMS,08/30/2013 09:29:00 PM,32XX BLOCK OF E SPRING ST,G,G3,7800.4010,-122.29092414,47.611638518,"(47.611638518, -122.29092414)",,,,
1523617,13000314744,2013314744,050,"BURGLARY - RESIDENTIAL, UNOCCUPIED",RESIDENTIAL BURGLARIES,BURGLARY,08/30/2013 05:33:00 PM,8XX BLOCK OF YAKIMA AV S,G,G3,8900.3000,-122.294357319,47.595121459,"(47.595121459, -122.294357319)",,,,
1523429,13000314463,2013314463,201,ALARMS - RESIDENTIAL BURGLARY (FALSE),BURGLARY ALARMS (FALSE),FALSE ALARMS,08/30/2013 02:20:00 PM,22XX BLOCK OF HARVARD AV E,C,C1,6600.1000,-122.322361092,47.638963174,"(47.638963174, -122.322361092)",,,,
1523368,13000314369,2013314369,201,ALARMS - RESIDENTIAL BURGLARY (FALSE),BURGLARY ALARMS (FALSE),FALSE ALARMS,08/30/2013 12:51:00 PM,3XX BLOCK OF MC GILVRA BV E,C,C3,7800.1002,-122.284338486,47.623438659,"(47.623438659, -122.284338486)",,,,
1522846,13000313821,2013313821,201,ALARMS - RESIDENTIAL BURGLARY (FALSE),BURGLARY ALARMS (FALSE),FALSE ALARMS,08/29/2013 10:40:00 PM,20XX BLOCK OF S LANE ST,G,G2,9000.1008,-122.305589456,47.596639928,"(47.596639928, -122.305589456)",,,,
1522787,13000313514,2013313514,050,"BURGLARY - RESIDENTIAL, UNOCCUPIED",RESIDENTIAL BURGLARIES,BURGLARY,08/29/2013 09:26:00 PM,3XX BLOCK OF 10 AV,E,E3,8600.2009,-122.319411923,47.604780984,"(47.604780984, -122.319411923)",,,,
1522504,13000313434,2013313434,050,"BURGLARY - RESIDENTIAL, UNOCCUPIED",RESIDENTIAL BURGLARIES,BURGLARY,08/29/2013 05:09:00 PM,3XX BLOCK OF 10 AV,E,E3,8600.2009,-122.319411923,47.604780984,"(47.604780984, -122.319411923)",,,,
1522415,13000313161,2013313161,050,"BURGLARY - RESIDENTIAL, UNOCCUPIED",RESIDENTIAL BURGLARIES,BURGLARY,08/29/2013 03:27:00 PM,12XX BLOCK OF 39 AV E,C,C3,6300.3005,-122.282717491,47.630361272,"(47.630361272, -122.282717491)",,,,
1522195,13000312990,2013312990,050,"BURGLARY - RESIDENTIAL, UNOCCUPIED",RESIDENTIAL BURGLARIES,BURGLARY,08/29/2013 11:10:00 AM,5XX BLOCK OF 13 AV E,C,C2,7500.1002,-122.315695156,47.623685597,"(47.623685597, -122.315695156)",,,,
1521566,13000312175,2013312175,051,"BURGLARY - RESIDENTIAL, OCCUPIED",RESIDENTIAL BURGLARIES,BURGLARY,08/28/2013 07:16:00 PM,18XX BLOCK OF 17 AV,C,C2,7900.5003,-122.31013865,47.61806222,"(47.61806222, -122.31013865)",,,,
1521302,13000311937,2013311937,201,ALARMS - RESIDENTIAL BURGLARY (FALSE),BURGLARY ALARMS (FALSE),FALSE ALARMS,08/28/2013 03:17:00 PM,21XX BLOCK OF BOYER AV E,C,C1,6200.4005,-122.310539059,47.63945285,"(47.63945285, -122.310539059)",,,,
1521048,13000311547,2013311547,201,ALARMS - RESIDENTIAL BURGLARY (FALSE),BURGLARY ALARMS (FALSE),FALSE ALARMS,08/28/2013 10:08:00 AM,9XX BLOCK OF 24 AV,G,G3,8800.5004,-122.301444358,47.610800817,"(47.610800817, -122.301444358)",,,,
1520528,13000310656,2013310656,051,"BURGLARY - RESIDENTIAL, OCCUPIED",RESIDENTIAL BURGLARIES,BURGLARY,08/27/2013 07:21:00 PM,3XX BLOCK OF E REPUBLICAN ST,E,E1,7400.7004,-122.326892704,47.623133364,"(47.623133364, -122.326892704)",,,,
1520245,13000310535,2013310535,201,ALARMS - RESIDENTIAL BURGLARY (FALSE),BURGLARY ALARMS (FALSE),FALSE ALARMS,08/27/2013 03:15:00 PM,11XX BLOCK OF 25 AV E,C,C3,6400.1012,-122.300333563,47.62976201,"(47.62976201, -122.300333563)",,,,
1520131,13000310410,2013310410,201,ALARMS - RESIDENTIAL BURGLARY (FALSE),BURGLARY ALARMS (FALSE),FALSE ALARMS,08/27/2013 01:44:00 PM,11XX BLOCK OF E HARRISON ST,C,C2,7500.3011,-122.318348452,47.621974264,"(47.621974264, -122.318348452)",,,,
1520104,13000310375,2013310375,201,ALARMS - RESIDENTIAL BURGLARY (FALSE),BURGLARY ALARMS (FALSE),FALSE ALARMS,08/27/2013 01:14:00 PM,26XX BLOCK OF E HELEN ST,C,C3,6400.1016,-122.297731607,47.628143376,"(47.628143376, -122.297731607)",,,,
1519627,13000309739,2013309739,201,ALARMS - RESIDENTIAL BURGLARY (FALSE),BURGLARY ALARMS (FALSE),FALSE ALARMS,08/27/2013 12:15:00 AM,8XX BLOCK OF 26 AV S,G,G2,8900.4007,-122.299060451,47.595063418,"(47.595063418, -122.299060451)",,,,
1519128,13000309131,2013309131,050,"BURGLARY - RESIDENTIAL, UNOCCUPIED",RESIDENTIAL BURGLARIES,BURGLARY,08/26/2013 04:11:00 PM,1XX BLOCK OF 21 AV,G,G1,8700.2014,-122.305041439,47.602171893,"(47.602171893, -122.305041439)",,,,
1518998,13000309089,2013309089,201,ALARMS - RESIDENTIAL BURGLARY (FALSE),BURGLARY ALARMS (FALSE),FALSE ALARMS,08/26/2013 02:14:00 PM,30XX BLOCK OF E YESLER WY,G,G3,8800.3012,-122.293126317,47.601648681,"(47.601648681, -122.293126317)",,,,
1518932,13000308921,2013308921,201,ALARMS - RESIDENTIAL BURGLARY (FALSE),BURGLARY ALARMS (FALSE),FALSE ALARMS,08/26/2013 01:00:00 PM,27XX BLOCK OF S ELMWOOD PL,G,G3,8900.3005,-122.296918755,47.592618837,"(47.592618837, -122.296918755)",,,,
1518847,13000308655,2013308655,053,BURGLARY - UNOCCUPIED STRUCTURE ON RESIDENTIAL PROPERTY,RESIDENTIAL BURGLARIES,BURGLARY,08/26/2013 11:13:00 AM,26XX BLOCK OF HARVARD AV E,C,C1,6100.3001,-122.32210066,47.643840054,"(47.643840054, -122.32210066)",,,,
1518809,13000308815,2013308815,201,ALARMS - RESIDENTIAL BURGLARY (FALSE),BURGLARY ALARMS (FALSE),FALSE ALARMS,08/26/2013 10:34:00 AM,23XX BLOCK OF E VALLEY ST,C,C3,6400.3007,-122.30176878,47.625939987,"(47.625939987, -122.30176878)",,,,
1518563,13000308421,2013308421,201,ALARMS - RESIDENTIAL BURGLARY (FALSE),BURGLARY ALARMS (FALSE),FALSE ALARMS,08/26/2013 12:51:00 AM,6XX BLOCK OF LAKE WASHINGTON BV E,C,C3,6300.4006,-122.292390636,47.625476315,"(47.625476315, -122.292390636)",,,,
1518220,13000307815,2013307815,201,ALARMS - RESIDENTIAL BURGLARY (FALSE),BURGLARY ALARMS (FALSE),FALSE ALARMS,08/25/2013 07:13:00 PM,17XX BLOCK OF MADRONA DR,C,C3,7800.6001,-122.284585522,47.617037187,"(47.617037187, -122.284585522)",,,,
1518140,13000307793,2013307793,053,BURGLARY - UNOCCUPIED STRUCTURE ON RESIDENTIAL PROPERTY,RESIDENTIAL BURGLARIES,BURGLARY,08/25/2013 05:38:00 PM,5XX BLOCK OF BROADWAY E,C,C1,7400.1005,-122.320933327,47.62369898,"(47.62369898, -122.320933327)",,,,
1518011,13000307731,2013307731,201,ALARMS - RESIDENTIAL BURGLARY (FALSE),BURGLARY ALARMS (FALSE),FALSE ALARMS,08/25/2013 02:55:00 PM,7XX BLOCK OF 16 AV E,C,C1,6400.2012,-122.311298041,47.626062946,"(47.626062946, -122.311298041)",,,,
1517956,13000307741,2013307741,201,ALARMS - RESIDENTIAL BURGLARY (FALSE),BURGLARY ALARMS (FALSE),FALSE ALARMS,08/25/2013 01:43:00 PM,8XX BLOCK OF 32 AV S,G,G3,8900.1014,-122.291442914,47.595189021,"(47.595189021, -122.291442914)",,,,
1517953,13000307644,2013307644,050,"BURGLARY - RESIDENTIAL, UNOCCUPIED",RESIDENTIAL BURGLARIES,BURGLARY,08/25/2013 01:40:00 PM,29XX BLOCK OF HARVARD AV E,C,C1,6100.1011,-122.322101914,47.647374348,"(47.647374348, -122.322101914)",,,,
1517755,13000307423,2013307423,201,ALARMS - RESIDENTIAL BURGLARY (FALSE),BURGLARY ALARMS (FALSE),FALSE ALARMS,08/25/2013 05:50:00 AM,12XX BLOCK OF FEDERAL AV E,C,C1,6500.1024,-122.319153225,47.631387653,"(47.631387653, -122.319153225)",,,,
1517587,13000307007,2013307007,050,"BURGLARY - RESIDENTIAL, UNOCCUPIED",RESIDENTIAL BURGLARIES,BURGLARY,08/25/2013 01:53:00 AM,13XX BLOCK OF LAKESIDE AV S,G,G3,8900.1019,-122.287243927,47.591665981,"(47.591665981, -122.287243927)",,,,
1517567,13000307154,2013307154,201,ALARMS - RESIDENTIAL BURGLARY (FALSE),BURGLARY ALARMS (FALSE),FALSE ALARMS,08/25/2013 01:46:00 AM,10XX BLOCK OF E BLAINE ST,C,C1,6500.1018,-122.319568527,47.635027066,"(47.635027066, -122.319568527)",,,,
1517213,13000306718,2013306718,201,ALARMS - RESIDENTIAL BURGLARY (FALSE),BURGLARY ALARMS (FALSE),FALSE ALARMS,08/24/2013 08:15:00 PM,6XX BLOCK OF LAKE WASHINGTON BV E,C,C3,7700.1001,-122.292390636,47.625476315,"(47.625476315, -122.292390636)",,,,
1517083,13000306556,2013306556,201,ALARMS - RESIDENTIAL BURGLARY (FALSE),BURGLARY ALARMS (FALSE),FALSE ALARMS,08/24/2013 05:39:00 PM,20XX BLOCK OF 41 AV E,C,C3,6300.1006,-122.279615928,47.638038523,"(47.638038523, -122.279615928)",,,,
1517080,13000306588,2013306588,050,"BURGLARY - RESIDENTIAL, UNOCCUPIED",RESIDENTIAL BURGLARIES,BURGLARY,08/24/2013 05:36:00 PM,17XX BLOCK OF MELROSE AV,E,E1,7400.5007,-122.327864006,47.617783414,"(47.617783414, -122.327864006)",,,,
1516812,13000306317,2013306317,201,ALARMS - RESIDENTIAL BURGLARY (FALSE),BURGLARY ALARMS (FALSE),FALSE ALARMS,08/24/2013 01:22:00 PM,31XX BLOCK OF E HOWELL ST,C,C3,7800.6007,-122.291828621,47.617600074,"(47.617600074, -122.291828621)",,,,
1518737,13000305511,2013305511,050,"BURGLARY - RESIDENTIAL, UNOCCUPIED",RESIDENTIAL BURGLARIES,BURGLARY,08/24/2013 01:21:00 AM,9XX BLOCK OF 30 AV,G,G3,8800.1005,-122.293801684,47.610221965,"(47.610221965, -122.293801684)",,,,
1516303,13000305558,2013305558,051,"BURGLARY - RESIDENTIAL, OCCUPIED",RESIDENTIAL BURGLARIES,BURGLARY,08/24/2013 12:28:00 AM,9XX BLOCK OF 12 AV E,C,C1,6500.2015,-122.316790824,47.627478897,"(47.627478897, -122.316790824)",,,,
1515804,13000305048,2013305048,201,ALARMS - RESIDENTIAL BURGLARY (FALSE),BURGLARY ALARMS (FALSE),FALSE ALARMS,08/23/2013 04:55:00 PM,19XX BLOCK OF E BLAINE ST,C,C3,6200.4007,-122.306051205,47.638141175,"(47.638141175, -122.306051205)",,,,
1515795,13000304962,2013304962,201,ALARMS - RESIDENTIAL BURGLARY (FALSE),BURGLARY ALARMS (FALSE),FALSE ALARMS,08/23/2013 04:31:00 PM,3XX BLOCK OF 32 AV,G,G3,7800.3012,-122.291596939,47.604341295,"(47.604341295, -122.291596939)",,,,
1515647,13000304865,2013304865,201,ALARMS - RESIDENTIAL BURGLARY (FALSE),BURGLARY ALARMS (FALSE),FALSE ALARMS,08/23/2013 02:18:00 PM,2XX BLOCK OF 32 AV,G,G3,7800.2002,-122.291609143,47.603683438,"(47.603683438, -122.291609143)",,,,
1515521,13000304707,2013304707,201,ALARMS - RESIDENTIAL BURGLARY (FALSE),BURGLARY ALARMS (FALSE),FALSE ALARMS,08/23/2013 12:14:00 PM,18XX BLOCK OF 37 AV E,C,C3,6300.5010,-122.284722736,47.635197728,"(47.635197728, -122.284722736)",,,,
1515518,13000304643,2013304643,201,ALARMS - RESIDENTIAL BURGLARY (FALSE),BURGLARY ALARMS (FALSE),FALSE ALARMS,08/23/2013 12:01:00 PM,24XX BLOCK OF 20 AV E,C,C3,6200.5009,-122.305519524,47.641366501,"(47.641366501, -122.305519524)",,,,
1518059,13000304493,2013304493,053,BURGLARY - UNOCCUPIED STRUCTURE ON RESIDENTIAL PROPERTY,RESIDENTIAL BURGLARIES,BURGLARY,08/23/2013 11:29:00 AM,18XX BLOCK OF E MADISON ST,C,C2,7900.5009,-122.308125813,47.616433997,"(47.616433997, -122.308125813)",,,,
1515101,13000303761,2013303761,050,"BURGLARY - RESIDENTIAL, UNOCCUPIED",RESIDENTIAL BURGLARIES,BURGLARY,08/22/2013 11:18:00 PM,16XX BLOCK OF 24 AV,C,C3,7700.3013,-122.301388164,47.615895569,"(47.615895569, -122.301388164)",,,,
1514833,13000303783,2013303783,201,ALARMS - RESIDENTIAL BURGLARY (FALSE),BURGLARY ALARMS (FALSE),FALSE ALARMS,08/22/2013 07:07:00 PM,9XX BLOCK OF 12 AV E,C,C1,6500.2014,-122.316790824,47.627478897,"(47.627478897, -122.316790824)",,,,
1514713,13000303544,2013303544,201,ALARMS - RESIDENTIAL BURGLARY (FALSE),BURGLARY ALARMS (FALSE),FALSE ALARMS,08/22/2013 05:03:00 PM,9XX BLOCK OF LAKE WASHINGTON BV S,G,G3,8900.2011,-122.289323676,47.594012738,"(47.594012738, -122.289323676)",,,,
1513487,13000301996,2013301996,201,ALARMS - RESIDENTIAL BURGLARY (FALSE),BURGLARY ALARMS (FALSE),FALSE ALARMS,08/21/2013 04:17:00 PM,32XX BLOCK OF E MADISON ST,C,C3,6300.4001,-122.290222862,47.627518717,"(47.627518717, -122.290222862)",,,,
1513370,13000301899,2013301899,050,"BURGLARY - RESIDENTIAL, UNOCCUPIED",RESIDENTIAL BURGLARIES,BURGLARY,08/21/2013 02:25:00 PM,1XX BLOCK OF HARVARD AV E,E,E1,7400.3005,-122.322196398,47.619315785,"(47.619315785, -122.322196398)",,,,
1513265,13000301913,2013301913,201,ALARMS - RESIDENTIAL BURGLARY (FALSE),BURGLARY ALARMS (FALSE),FALSE ALARMS,08/21/2013 12:15:00 PM,2XX BLOCK OF 32 AV,G,G3,7800.2002,-122.291609143,47.603683438,"(47.603683438, -122.291609143)",,,,
1513252,13000301807,2013301807,053,BURGLARY - UNOCCUPIED STRUCTURE ON RESIDENTIAL PROPERTY,RESIDENTIAL BURGLARIES,BURGLARY,08/21/2013 11:52:00 AM,18XX BLOCK OF S JACKSON ST,G,G2,9000.3023,-122.308315124,47.599242912,"(47.599242912, -122.308315124)",,,,
1513228,13000301820,2013301820,201,ALARMS - RESIDENTIAL BURGLARY (FALSE),BURGLARY ALARMS (FALSE),FALSE ALARMS,08/21/2013 11:15:00 AM,23XX BLOCK OF 12 AV E,C,C1,6100.3011,-122.316979063,47.640217516,"(47.640217516, -122.316979063)",,,,
1513110,13000301707,2013301707,201,ALARMS - RESIDENTIAL BURGLARY (FALSE),BURGLARY ALARMS (FALSE),FALSE ALARMS,08/21/2013 08:26:00 AM,11XX BLOCK OF 17 AV E,C,C1,6400.2005,-122.309925608,47.629655842,"(47.629655842, -122.309925608)",,,,
1512539,13000300917,2013300917,201,ALARMS - RESIDENTIAL BURGLARY (FALSE),BURGLARY ALARMS (FALSE),FALSE ALARMS,08/20/2013 05:51:00 PM,22XX BLOCK OF FEDERAL AV E,C,C1,6500.1008,-122.319012365,47.638974965,"(47.638974965, -122.319012365)",,,,
1512410,13000300895,2013300895,201,ALARMS - RESIDENTIAL BURGLARY (FALSE),BURGLARY ALARMS (FALSE),FALSE ALARMS,08/20/2013 03:40:00 PM,11XX BLOCK OF 19 AV,G,G1,7900.2008,-122.307554064,47.610943347,"(47.610943347, -122.307554064)",,,,
1512408,13000300605,2013300605,201,ALARMS - RESIDENTIAL BURGLARY (FALSE),BURGLARY ALARMS (FALSE),FALSE ALARMS,08/20/2013 03:25:00 PM,11XX BLOCK OF 19 AV,G,G1,7900.2008,-122.307554064,47.610943347,"(47.610943347, -122.307554064)",,,,
1512287,13000300731,2013300731,201,ALARMS - RESIDENTIAL BURGLARY (FALSE),BURGLARY ALARMS (FALSE),FALSE ALARMS,08/20/2013 01:22:00 PM,1XX BLOCK OF 32 AV E,C,C3,7800.7018,-122.291238035,47.619514719,"(47.619514719, -122.291238035)",,,,
1512224,13000300555,2013300555,051,"BURGLARY - RESIDENTIAL, OCCUPIED",RESIDENTIAL BURGLARIES,BURGLARY,08/20/2013 11:59:00 AM,19XX BLOCK OF E MARION ST,G,G1,8700.1003,-122.306952432,47.610354218,"(47.610354218, -122.306952432)",,,,
1511906,13000300203,2013300203,050,"BURGLARY - RESIDENTIAL, UNOCCUPIED",RESIDENTIAL BURGLARIES,BURGLARY,08/20/2013 02:36:00 AM,3XX BLOCK OF 20 AV,G,G1,8700.2003,-122.306341673,47.604749046,"(47.604749046, -122.306341673)",,,,
1511673,13000299802,2013299802,053,BURGLARY - UNOCCUPIED STRUCTURE ON RESIDENTIAL PROPERTY,RESIDENTIAL BURGLARIES,BURGLARY,08/19/2013 09:50:00 PM,28XX BLOCK OF EASTLAKE AV E,C,C1,6100.5004,-122.32518666,47.646519491,"(47.646519491, -122.32518666)",,,,
1511550,13000299621,2013299621,050,"BURGLARY - RESIDENTIAL, UNOCCUPIED",RESIDENTIAL BURGLARIES,BURGLARY,08/19/2013 05:43:00 PM,5XX BLOCK OF 19 AV,G,G1,8700.3008,-122.307629044,47.607092715,"(47.607092715, -122.307629044)",,,,
1511111,13000299291,2013299291,201,ALARMS - RESIDENTIAL BURGLARY (FALSE),BURGLARY ALARMS (FALSE),FALSE ALARMS,08/19/2013 11:37:00 AM,13XX BLOCK OF 32 AV S,G,G3,9500.1006,-122.291321955,47.591685514,"(47.591685514, -122.291321955)",,,,
1510565,13000298575,2013298575,201,ALARMS - RESIDENTIAL BURGLARY (FALSE),BURGLARY ALARMS (FALSE),FALSE ALARMS,08/18/2013 06:37:00 PM,6XX BLOCK OF 20 AV,G,G1,8700.1010,-122.30632189,47.607594245,"(47.607594245, -122.30632189)",,,,
1510313,13000298285,2013298285,201,ALARMS - RESIDENTIAL BURGLARY (FALSE),BURGLARY ALARMS (FALSE),FALSE ALARMS,08/18/2013 01:27:00 PM,9XX BLOCK OF 36 AV,G,G3,7800.4007,-122.287159644,47.61099714,"(47.61099714, -122.287159644)",,,,
1509871,13000297768,2013297768,201,ALARMS - RESIDENTIAL BURGLARY (FALSE),BURGLARY ALARMS (FALSE),FALSE ALARMS,08/18/2013 01:23:00 AM,4XX BLOCK OF 34 AV,G,G3,7800.3000,-122.289451596,47.606340032,"(47.606340032, -122.289451596)",,,,
1509843,13000297697,2013297697,201,ALARMS - RESIDENTIAL BURGLARY (FALSE),BURGLARY ALARMS (FALSE),FALSE ALARMS,08/18/2013 12:56:00 AM,5XX BLOCK OF 16 AV E,C,C1,7600.4006,-122.311329896,47.623847654,"(47.623847654, -122.311329896)",,,,
1509546,13000297306,2013297306,201,ALARMS - RESIDENTIAL BURGLARY (FALSE),BURGLARY ALARMS (FALSE),FALSE ALARMS,08/17/2013 08:28:00 PM,13XX BLOCK OF 32 AV S,G,G3,9500.1011,-122.291349285,47.590486751,"(47.590486751, -122.291349285)",,,,
1509451,13000296586,2013296586,050,"BURGLARY - RESIDENTIAL, UNOCCUPIED",RESIDENTIAL BURGLARIES,BURGLARY,08/17/2013 06:49:00 PM,9XX BLOCK OF E SHELBY ST,C,C1,6100.1012,-122.320216214,47.646920261,"(47.646920261, -122.320216214)",,,,
1509402,13000297125,2013297125,201,ALARMS - RESIDENTIAL BURGLARY (FALSE),BURGLARY ALARMS (FALSE),FALSE ALARMS,08/17/2013 06:04:00 PM,11XX BLOCK OF YAKIMA AV S,G,G3,8900.3004,-122.294426104,47.59273569,"(47.59273569, -122.294426104)",,,,
1509140,13000296736,2013296736,201,ALARMS - RESIDENTIAL BURGLARY (FALSE),BURGLARY ALARMS (FALSE),FALSE ALARMS,08/17/2013 01:12:00 PM,23XX BLOCK OF MC GILVRA BV E,C,C3,6300.6000,-122.28077213,47.639920646,"(47.639920646, -122.28077213)",,,,
1509124,13000296571,2013296571,051,"BURGLARY - RESIDENTIAL, OCCUPIED",RESIDENTIAL BURGLARIES,BURGLARY,08/17/2013 12:58:00 PM,31XX BLOCK OF E SPRING ST,G,G3,7800.4011,-122.29203053,47.611647642,"(47.611647642, -122.29203053)",,,,
1508220,13000295669,2013295669,051,"BURGLARY - RESIDENTIAL, OCCUPIED",RESIDENTIAL BURGLARIES,BURGLARY,08/16/2013 07:19:00 PM,7XX BLOCK OF E MERCER ST,C,C1,7400.1001,-122.3225147,47.6242716,"(47.6242716, -122.3225147)",,,,
1507474,13000294752,2013294752,201,ALARMS - RESIDENTIAL BURGLARY (FALSE),BURGLARY ALARMS (FALSE),FALSE ALARMS,08/16/2013 01:49:00 AM,8XX BLOCK OF 34 AV E,C,C3,6300.3015,-122.288188769,47.626773758,"(47.626773758, -122.288188769)",,,,
1507382,13000294626,2013294626,201,ALARMS - RESIDENTIAL BURGLARY (FALSE),BURGLARY ALARMS (FALSE),FALSE ALARMS,08/16/2013 12:03:00 AM,2XX BLOCK OF 35 AV E,C,C3,7800.7005,-122.287964148,47.620723722,"(47.620723722, -122.287964148)",,,,
1506656,13000293705,2013293705,201,ALARMS - RESIDENTIAL BURGLARY (FALSE),BURGLARY ALARMS (FALSE),FALSE ALARMS,08/15/2013 09:46:00 AM,24XX BLOCK OF E ALOHA ST,C,C3,6400.3008,-122.299925427,47.626669637,"(47.626669637, -122.299925427)",,,,
1505864,13000292657,2013292657,050,"BURGLARY - RESIDENTIAL, UNOCCUPIED",RESIDENTIAL BURGLARIES,BURGLARY,08/14/2013 03:10:00 PM,22XX BLOCK OF S NORMAN ST,G,G2,9000.1012,-122.302855419,47.593060211,"(47.593060211, -122.302855419)",,,,
1505780,13000292554,2013292554,201,ALARMS - RESIDENTIAL BURGLARY (FALSE),BURGLARY ALARMS (FALSE),FALSE ALARMS,08/14/2013 01:56:00 PM,11XX BLOCK OF 21 AV E,C,C1,6400.1006,-122.304742403,47.629630374,"(47.629630374, -122.304742403)",,,,
1505595,13000292369,2013292369,201,ALARMS - RESIDENTIAL BURGLARY (FALSE),BURGLARY ALARMS (FALSE),FALSE ALARMS,08/14/2013 10:39:00 AM,6XX BLOCK OF LAKE WASHINGTON BV E,C,C3,7700.1001,-122.291435173,47.624991439,"(47.624991439, -122.291435173)",,,,
1505593,13000292397,2013292397,201,ALARMS - RESIDENTIAL BURGLARY (FALSE),BURGLARY ALARMS (FALSE),FALSE ALARMS,08/14/2013 10:38:00 AM,18XX BLOCK OF 30 AV,C,C3,7700.2004,-122.293518525,47.618247316,"(47.618247316, -122.293518525)",,,,
1504764,13000291333,2013291333,053,BURGLARY - UNOCCUPIED STRUCTURE ON RESIDENTIAL PROPERTY,RESIDENTIAL BURGLARIES,BURGLARY,08/13/2013 03:11:00 PM,15XX BLOCK OF 12 AV,C,C2,7500.4006,-122.316845012,47.61468385,"(47.61468385, -122.316845012)",,,,
1504737,13000291231,2013291231,050,"BURGLARY - RESIDENTIAL, UNOCCUPIED",RESIDENTIAL BURGLARIES,BURGLARY,08/13/2013 02:33:00 PM,9XX BLOCK OF 34 AV,G,G3,7800.4008,-122.289359665,47.611018416,"(47.611018416, -122.289359665)",,,,
1504360,13000290687,2013290687,050,"BURGLARY - RESIDENTIAL, UNOCCUPIED",RESIDENTIAL BURGLARIES,BURGLARY,08/13/2013 02:48:00 AM,16XX BLOCK OF S KING ST,G,G2,9000.2005,-122.310275306,47.598325476,"(47.598325476, -122.310275306)",,,,
1503983,13000290193,2013290193,053,BURGLARY - UNOCCUPIED STRUCTURE ON RESIDENTIAL PROPERTY,RESIDENTIAL BURGLARIES,BURGLARY,08/12/2013 07:18:00 PM,16XX BLOCK OF BELLEVUE AV,E,E2,8400.1006,-122.326795848,47.615779995,"(47.615779995, -122.326795848)",,,,
1503754,13000290073,2013290073,201,ALARMS - RESIDENTIAL BURGLARY (FALSE),BURGLARY ALARMS (FALSE),FALSE ALARMS,08/12/2013 03:19:00 PM,12XX BLOCK OF 16 AV E,C,C1,6400.2002,-122.311225564,47.63148165,"(47.63148165, -122.311225564)",,,,
1503610,13000289677,2013289677,051,"BURGLARY - RESIDENTIAL, OCCUPIED",RESIDENTIAL BURGLARIES,BURGLARY,08/12/2013 11:11:00 AM,27XX BLOCK OF FAIRVIEW AV E,C,C1,6100.5999,-122.327283924,47.645381231,"(47.645381231, -122.327283924)",,,,
1504019,13000289514,2013289514,050,"BURGLARY - RESIDENTIAL, UNOCCUPIED",RESIDENTIAL BURGLARIES,BURGLARY,08/12/2013 03:19:00 AM,27XX BLOCK OF EASTLAKE AV E,C,C1,6100.5006,-122.325880914,47.645058496,"(47.645058496, -122.325880914)",,,,
1503606,13000289489,2013289489,051,"BURGLARY - RESIDENTIAL, OCCUPIED",RESIDENTIAL BURGLARIES,BURGLARY,08/12/2013 02:50:00 AM,8XX BLOCK OF E GWINN PL,C,C1,6100.1009,-122.319994285,47.647824707,"(47.647824707, -122.319994285)",,,,
1503216,13000289350,2013289350,201,ALARMS - RESIDENTIAL BURGLARY (FALSE),BURGLARY ALARMS (FALSE),FALSE ALARMS,08/11/2013 10:31:00 PM,14XX BLOCK OF 20 AV,G,G1,7900.2005,-122.306215396,47.614093999,"(47.614093999, -122.306215396)",,,,
1503122,13000289244,2013289244,201,ALARMS - RESIDENTIAL BURGLARY (FALSE),BURGLARY ALARMS (FALSE),FALSE ALARMS,08/11/2013 08:30:00 PM,9XX BLOCK OF 27 AV,G,G3,8800.5007,-122.297527444,47.610784524,"(47.610784524, -122.297527444)",,,,
1503114,13000289142,2013289142,050,"BURGLARY - RESIDENTIAL, UNOCCUPIED",RESIDENTIAL BURGLARIES,BURGLARY,08/11/2013 08:27:00 PM,7XX BLOCK OF 13 AV E,C,C1,6500.3001,-122.31549652,47.62592827,"(47.62592827, -122.31549652)",,,,
1502904,13000288976,2013288976,201,ALARMS - RESIDENTIAL BURGLARY (FALSE),BURGLARY ALARMS (FALSE),FALSE ALARMS,08/11/2013 03:53:00 PM,32XX BLOCK OF E SPRING ST,G,G3,7800.4010,-122.29092414,47.611638518,"(47.611638518, -122.29092414)",,,,
1502901,13000288898,2013288898,201,ALARMS - RESIDENTIAL BURGLARY (FALSE),BURGLARY ALARMS (FALSE),FALSE ALARMS,08/11/2013 03:32:00 PM,12XX BLOCK OF 39 AV E,C,C3,6300.3006,-122.282717491,47.630361272,"(47.630361272, -122.282717491)",,,,
1502867,13000288909,2013288909,201,ALARMS - RESIDENTIAL BURGLARY (FALSE),BURGLARY ALARMS (FALSE),FALSE ALARMS,08/11/2013 02:56:00 PM,6XX BLOCK OF HILLSIDE DR E,C,C3,7800.1004,-122.285452827,47.625084036,"(47.625084036, -122.285452827)",,,,
1502647,13000288477,2013288477,051,"BURGLARY - RESIDENTIAL, OCCUPIED",RESIDENTIAL BURGLARIES,BURGLARY,08/11/2013 07:23:00 AM,7XX BLOCK OF LAKESIDE AV S,G,G3,8900.1008,-122.287766399,47.595858683,"(47.595858683, -122.287766399)",,,,
1502643,13000288371,2013288371,201,ALARMS - RESIDENTIAL BURGLARY (FALSE),BURGLARY ALARMS (FALSE),FALSE ALARMS,08/11/2013 06:51:00 AM,20XX BLOCK OF E LOUISA ST,C,C3,6200.5005,-122.304646985,47.642457248,"(47.642457248, -122.304646985)",,,,
1502554,13000288467,2013288467,201,ALARMS - RESIDENTIAL BURGLARY (FALSE),BURGLARY ALARMS (FALSE),FALSE ALARMS,08/11/2013 04:07:00 AM,11XX BLOCK OF 23 AV S,G,G2,8900.3009,-122.302619777,47.592481105,"(47.592481105, -122.302619777)",,,,
1502257,13000288213,2013288213,201,ALARMS - RESIDENTIAL BURGLARY (FALSE),BURGLARY ALARMS (FALSE),FALSE ALARMS,08/11/2013 12:10:00 AM,20XX BLOCK OF 10 AV E,C,C1,6500.1011,-122.320075563,47.637827509,"(47.637827509, -122.320075563)",,,,
1501701,13000287260,2013287260,053,BURGLARY - UNOCCUPIED STRUCTURE ON RESIDENTIAL PROPERTY,RESIDENTIAL BURGLARIES,BURGLARY,08/10/2013 02:36:00 PM,11XX BLOCK OF E DENNY WY,C,C2,7500.4001,-122.317562622,47.618763728,"(47.618763728, -122.317562622)",,,,
1501676,13000287409,2013287409,201,ALARMS - RESIDENTIAL BURGLARY (FALSE),BURGLARY ALARMS (FALSE),FALSE ALARMS,08/10/2013 02:01:00 PM,4XX BLOCK OF 30 AV S,G,G3,8900.5000,-122.293826066,47.598597661,"(47.598597661, -122.293826066)",,,,
1501679,13000287342,2013287342,201,ALARMS - RESIDENTIAL BURGLARY (FALSE),BURGLARY ALARMS (FALSE),FALSE ALARMS,08/10/2013 01:59:00 PM,16XX BLOCK OF 38 AV E,C,C3,6300.6012,-122.284047969,47.633987376,"(47.633987376, -122.284047969)",,,,
1501561,13000287195,2013287195,053,BURGLARY - UNOCCUPIED STRUCTURE ON RESIDENTIAL PROPERTY,RESIDENTIAL BURGLARIES,BURGLARY,08/10/2013 10:50:00 AM,1XX BLOCK OF 24 AV E,C,C3,7700.4009,-122.301148832,47.61954525,"(47.61954525, -122.301148832)",,,,
1501541,13000287141,2013287141,051,"BURGLARY - RESIDENTIAL, OCCUPIED",RESIDENTIAL BURGLARIES,BURGLARY,08/10/2013 09:59:00 AM,13XX BLOCK OF 30 AV S,G,G3,9500.1010,-122.293433103,47.590866864,"(47.590866864, -122.293433103)",,,,
1501508,13000287155,2013287155,201,ALARMS - RESIDENTIAL BURGLARY (FALSE),BURGLARY ALARMS (FALSE),FALSE ALARMS,08/10/2013 08:58:00 AM,30XX BLOCK OF E REPUBLICAN ST,C,C3,7700.1001,-122.292550166,47.623659304,"(47.623659304, -122.292550166)",,,,
1501245,13000286750,2013286750,051,"BURGLARY - RESIDENTIAL, OCCUPIED",RESIDENTIAL BURGLARIES,BURGLARY,08/10/2013 01:44:00 AM,8XX BLOCK OF E ALLISON ST,C,C1,6100.1007,-122.321428778,47.648710091,"(47.648710091, -122.321428778)",,,,
1500692,13000286209,2013286209,201,ALARMS - RESIDENTIAL BURGLARY (FALSE),BURGLARY ALARMS (FALSE),FALSE ALARMS,08/09/2013 05:08:00 PM,22XX BLOCK OF E ALDER ST,G,G1,8700.2006,-122.303079709,47.604327452,"(47.604327452, -122.303079709)",,,,
1500568,13000286129,2013286129,050,"BURGLARY - RESIDENTIAL, UNOCCUPIED",RESIDENTIAL BURGLARIES,BURGLARY,08/09/2013 02:59:00 PM,37XX BLOCK OF E PROSPECT ST,C,C3,6300.3012,-122.284798559,47.628563833,"(47.628563833, -122.284798559)",,,,
1500473,13000285995,2013285995,201,ALARMS - RESIDENTIAL BURGLARY (FALSE),BURGLARY ALARMS (FALSE),FALSE ALARMS,08/09/2013 01:11:00 PM,4XX BLOCK OF 31 AV,G,G3,8800.2011,-122.29262414,47.605666222,"(47.605666222, -122.29262414)",,,,
1500413,13000285861,2013285861,201,ALARMS - RESIDENTIAL BURGLARY (FALSE),BURGLARY ALARMS (FALSE),FALSE ALARMS,08/09/2013 11:59:00 AM,8XX BLOCK OF E LYNN ST,C,C1,6600.1000,-122.321832216,47.639541881,"(47.639541881, -122.321832216)",,,,
1500096,13000285320,2013285320,201,ALARMS - RESIDENTIAL BURGLARY (FALSE),BURGLARY ALARMS (FALSE),FALSE ALARMS,08/09/2013 01:16:00 AM,6XX BLOCK OF 16 AV E,C,C1,7600.4004,-122.31131451,47.624846145,"(47.624846145, -122.31131451)",,,,
1499940,13000285170,2013285170,201,ALARMS - RESIDENTIAL BURGLARY (FALSE),BURGLARY ALARMS (FALSE),FALSE ALARMS,08/08/2013 10:41:00 PM,28XX BLOCK OF E INTERLAKEN BV,C,C3,6200.2012,-122.298629564,47.633244428,"(47.633244428, -122.298629564)",,,,
1499792,13000284975,2013284975,050,"BURGLARY - RESIDENTIAL, UNOCCUPIED",RESIDENTIAL BURGLARIES,BURGLARY,08/08/2013 07:51:00 PM,14XX BLOCK OF 21 AV,G,G1,7900.1005,-122.304919021,47.614105373,"(47.614105373, -122.304919021)",,,,
1499776,13000285049,2013285049,201,ALARMS - RESIDENTIAL BURGLARY (FALSE),BURGLARY ALARMS (FALSE),FALSE ALARMS,08/08/2013 07:50:00 PM,22XX BLOCK OF E CRESCENT DR,C,C1,6200.3011,-122.302278494,47.633029621,"(47.633029621, -122.302278494)",,,,
1499649,13000284739,2013284739,053,BURGLARY - UNOCCUPIED STRUCTURE ON RESIDENTIAL PROPERTY,RESIDENTIAL BURGLARIES,BURGLARY,08/08/2013 05:38:00 PM,4XX BLOCK OF BELMONT AV E,E,E1,7400.2002,-122.324027371,47.622565454,"(47.622565454, -122.324027371)",,,,
1499549,13000284662,2013284662,050,"BURGLARY - RESIDENTIAL, UNOCCUPIED",RESIDENTIAL BURGLARIES,BURGLARY,08/08/2013 03:45:00 PM,16XX BLOCK OF S ATLANTIC ST,G,G2,9400.5000,-122.311081796,47.589988872,"(47.589988872, -122.311081796)",,,,
1499359,13000284542,2013284542,201,ALARMS - RESIDENTIAL BURGLARY (FALSE),BURGLARY ALARMS (FALSE),FALSE ALARMS,08/08/2013 01:05:00 PM,11XX BLOCK OF 19 AV,G,G1,7900.2008,-122.307554064,47.610943347,"(47.610943347, -122.307554064)",,,,
1499296,13000284209,2013284209,051,"BURGLARY - RESIDENTIAL, OCCUPIED",RESIDENTIAL BURGLARIES,BURGLARY,08/08/2013 11:10:00 AM,12XX BLOCK OF E SHELBY ST,C,C1,6100.1010,-122.31672999,47.646916833,"(47.646916833, -122.31672999)",,,,
1499188,13000284251,2013284251,201,ALARMS - RESIDENTIAL BURGLARY (FALSE),BURGLARY ALARMS (FALSE),FALSE ALARMS,08/08/2013 08:18:00 AM,10XX BLOCK OF WASHINGTON PL E,C,C3,6300.4000,-122.292873866,47.627869792,"(47.627869792, -122.292873866)",,,,
1499149,13000283961,2013283961,050,"BURGLARY - RESIDENTIAL, UNOCCUPIED",RESIDENTIAL BURGLARIES,BURGLARY,08/08/2013 06:50:00 AM,16XX BLOCK OF 21 AV,G,G1,7900.2000,-122.304867503,47.61620162,"(47.61620162, -122.304867503)",,,,
1499030,13000284006,2013284006,201,ALARMS - RESIDENTIAL BURGLARY (FALSE),BURGLARY ALARMS (FALSE),FALSE ALARMS,08/08/2013 02:54:00 AM,22XX BLOCK OF EVERETT AV E,C,C1,6200.3001,-122.315206526,47.638847462,"(47.638847462, -122.315206526)",,,,
1498935,13000283886,2013283886,051,"BURGLARY - RESIDENTIAL, OCCUPIED",RESIDENTIAL BURGLARIES,BURGLARY,08/08/2013 12:38:00 AM,13XX BLOCK OF E INTERLAKEN BV,C,C1,6200.3001,-122.315411854,47.640306184,"(47.640306184, -122.315411854)",,,,
1498926,13000283605,2013283605,050,"BURGLARY - RESIDENTIAL, UNOCCUPIED",RESIDENTIAL BURGLARIES,BURGLARY,08/08/2013 12:20:00 AM,14XX BLOCK OF 37 AV E,C,C3,6300.5008,-122.285455429,47.631467718,"(47.631467718, -122.285455429)",,,,
1498842,13000283806,2013283806,201,ALARMS - RESIDENTIAL BURGLARY (FALSE),BURGLARY ALARMS (FALSE),FALSE ALARMS,08/07/2013 10:46:00 PM,16XX BLOCK OF INTERLAKEN PL E,C,C1,6200.3011,-122.302704624,47.634208174,"(47.634208174, -122.302704624)",,,,
1498777,13000283609,2013283609,201,ALARMS - RESIDENTIAL BURGLARY (FALSE),BURGLARY ALARMS (FALSE),FALSE ALARMS,08/07/2013 09:38:00 PM,32XX BLOCK OF E MADISON ST,C,C3,6300.4001,-122.290222862,47.627518717,"(47.627518717, -122.290222862)",,,,
1498627,13000283485,2013283485,201,ALARMS - RESIDENTIAL BURGLARY (FALSE),BURGLARY ALARMS (FALSE),FALSE ALARMS,08/07/2013 07:17:00 PM,12XX BLOCK OF 16 AV E,C,C1,6400.2002,-122.311225564,47.63148165,"(47.63148165, -122.311225564)",,,,
1498480,13000283150,2013283150,053,BURGLARY - UNOCCUPIED STRUCTURE ON RESIDENTIAL PROPERTY,RESIDENTIAL BURGLARIES,BURGLARY,08/07/2013 04:37:00 PM,17XX BLOCK OF MELROSE AV,E,E1,7400.5007,-122.327864006,47.617783414,"(47.617783414, -122.327864006)",,,,
1498411,13000283263,2013283263,201,ALARMS - RESIDENTIAL BURGLARY (FALSE),BURGLARY ALARMS (FALSE),FALSE ALARMS,08/07/2013 03:22:00 PM,7XX BLOCK OF MC GILVRA BV E,C,C3,6300.2016,-122.283415545,47.626046346,"(47.626046346, -122.283415545)",,,,
1498359,13000283186,2013283186,053,BURGLARY - UNOCCUPIED STRUCTURE ON RESIDENTIAL PROPERTY,RESIDENTIAL BURGLARIES,BURGLARY,08/07/2013 02:22:00 PM,24XX BLOCK OF FEDERAL AV E,C,C1,6100.3004,-122.31900482,47.641783496,"(47.641783496, -122.31900482)",,,,
1498121,13000282911,2013282911,201,ALARMS - RESIDENTIAL BURGLARY (FALSE),BURGLARY ALARMS (FALSE),FALSE ALARMS,08/07/2013 09:31:00 AM,8XX BLOCK OF 35 AV,G,G3,7800.4015,-122.288293727,47.609821573,"(47.609821573, -122.288293727)",,,,
1498109,13000282915,2013282915,201,ALARMS - RESIDENTIAL BURGLARY (FALSE),BURGLARY ALARMS (FALSE),FALSE ALARMS,08/07/2013 09:21:00 AM,6XX BLOCK OF 16 AV E,C,C1,7600.4004,-122.31131451,47.624846145,"(47.624846145, -122.31131451)",,,,
1498061,13000282795,2013282795,051,"BURGLARY - RESIDENTIAL, OCCUPIED",RESIDENTIAL BURGLARIES,BURGLARY,08/07/2013 07:41:00 AM,24XX BLOCK OF E LYNN ST,C,C3,6200.5018,-122.30129056,47.639527143,"(47.639527143, -122.30129056)",,,,
1498013,13000282760,2013282760,201,ALARMS - RESIDENTIAL BURGLARY (FALSE),BURGLARY ALARMS (FALSE),FALSE ALARMS,08/07/2013 05:12:00 AM,20XX BLOCK OF 25 AV E,C,C3,6200.2005,-122.300522621,47.638309003,"(47.638309003, -122.300522621)",,,,
1497832,13000282540,2013282540,201,ALARMS - RESIDENTIAL BURGLARY (FALSE),BURGLARY ALARMS (FALSE),FALSE ALARMS,08/07/2013 12:37:00 AM,3XX BLOCK OF 25 AV,G,G3,8800.4008,-122.299954075,47.605247776,"(47.605247776, -122.299954075)",,,,
1497826,13000282261,2013282261,053,BURGLARY - UNOCCUPIED STRUCTURE ON RESIDENTIAL PROPERTY,RESIDENTIAL BURGLARIES,BURGLARY,08/07/2013 12:24:00 AM,18XX BLOCK OF 12 AV,C,C2,7500.4001,-122.316900601,47.618184522,"(47.618184522, -122.316900601)",,,,
1497829,13000282044,2013282044,053,BURGLARY - UNOCCUPIED STRUCTURE ON RESIDENTIAL PROPERTY,RESIDENTIAL BURGLARIES,BURGLARY,08/07/2013 12:23:00 AM,18XX BLOCK OF 12 AV,C,C2,7500.4001,-122.316900601,47.618184522,"(47.618184522, -122.316900601)",,,,
1497343,13000281612,2013281612,051,"BURGLARY - RESIDENTIAL, OCCUPIED",RESIDENTIAL BURGLARIES,BURGLARY,08/06/2013 04:09:00 PM,12XX BLOCK OF BOYLSTON AV,E,E2,8400.2003,-122.323439226,47.612515584,"(47.612515584, -122.323439226)",,,,
1497095,13000281498,2013281498,050,"BURGLARY - RESIDENTIAL, UNOCCUPIED",RESIDENTIAL BURGLARIES,BURGLARY,08/06/2013 11:13:00 AM,9XX BLOCK OF 19 AV E,C,C1,6400.4002,-122.307284833,47.627760602,"(47.627760602, -122.307284833)",,,,
1497052,13000281503,2013281503,201,ALARMS - RESIDENTIAL BURGLARY (FALSE),BURGLARY ALARMS (FALSE),FALSE ALARMS,08/06/2013 10:11:00 AM,34XX BLOCK OF E PINE ST,C,C3,7800.6015,-122.288694666,47.615205911,"(47.615205911, -122.288694666)",,,,
1496427,13000280592,2013280592,053,BURGLARY - UNOCCUPIED STRUCTURE ON RESIDENTIAL PROPERTY,RESIDENTIAL BURGLARIES,BURGLARY,08/05/2013 06:43:00 PM,9XX BLOCK OF S JACKSON ST,E,E3,9100.1002,-122.320331969,47.599187334,"(47.599187334, -122.320331969)",,,,
1496252,13000280385,2013280385,050,"BURGLARY - RESIDENTIAL, UNOCCUPIED",RESIDENTIAL BURGLARIES,BURGLARY,08/05/2013 03:40:00 PM,14XX BLOCK OF E UNION ST,E,E2,7500.4016,-122.31347361,47.612914566,"(47.612914566, -122.31347361)",,,,
1496219,13000280445,2013280445,201,ALARMS - RESIDENTIAL BURGLARY (FALSE),BURGLARY ALARMS (FALSE),FALSE ALARMS,08/05/2013 03:14:00 PM,12XX BLOCK OF E NEWTON ST,C,C1,6500.1016,-122.316253201,47.637238495,"(47.637238495, -122.316253201)",,,,
1496065,13000280301,2013280301,201,ALARMS - RESIDENTIAL BURGLARY (FALSE),BURGLARY ALARMS (FALSE),FALSE ALARMS,08/05/2013 01:09:00 PM,2XX BLOCK OF 19 AV,G,G1,8700.4008,-122.307654195,47.603918033,"(47.603918033, -122.307654195)",,,,
1496053,13000280316,2013280316,201,ALARMS - RESIDENTIAL BURGLARY (FALSE),BURGLARY ALARMS (FALSE),FALSE ALARMS,08/05/2013 12:58:00 PM,20XX BLOCK OF E ALOHA ST,C,C1,6400.4007,-122.305416377,47.626838504,"(47.626838504, -122.305416377)",,,,
1496044,13000280287,2013280287,201,ALARMS - RESIDENTIAL BURGLARY (FALSE),BURGLARY ALARMS (FALSE),FALSE ALARMS,08/05/2013 12:49:00 PM,3XX BLOCK OF 25 AV S,G,G2,8900.6011,-122.299860078,47.600077162,"(47.600077162, -122.299860078)",,,,
1495999,13000280130,2013280130,053,BURGLARY - UNOCCUPIED STRUCTURE ON RESIDENTIAL PROPERTY,RESIDENTIAL BURGLARIES,BURGLARY,08/05/2013 11:39:00 AM,16XX BLOCK OF BELLEVUE AV,E,E2,8400.1006,-122.326795848,47.615779995,"(47.615779995, -122.326795848)",,,,
1495864,13000279940,2013279940,053,BURGLARY - UNOCCUPIED STRUCTURE ON RESIDENTIAL PROPERTY,RESIDENTIAL BURGLARIES,BURGLARY,08/05/2013 08:22:00 AM,16XX BLOCK OF BELLEVUE AV,E,E2,8400.1006,-122.326795848,47.615779995,"(47.615779995, -122.326795848)",,,,
1497069,13000279476,2013279476,050,"BURGLARY - RESIDENTIAL, UNOCCUPIED",RESIDENTIAL BURGLARIES,BURGLARY,08/04/2013 10:14:00 PM,4XX BLOCK OF BOREN AV,E,E3,8500.2012,-122.321550994,47.605412862,"(47.605412862, -122.321550994)",,,,
1495445,13000279360,2013279360,050,"BURGLARY - RESIDENTIAL, UNOCCUPIED",RESIDENTIAL BURGLARIES,BURGLARY,08/04/2013 08:40:00 PM,2XX BLOCK OF 29 AV S,G,G3,8900.6014,-122.294994821,47.60056733,"(47.60056733, -122.294994821)",,,,
1495360,13000279291,2013279291,201,ALARMS - RESIDENTIAL BURGLARY (FALSE),BURGLARY ALARMS (FALSE),FALSE ALARMS,08/04/2013 07:19:00 PM,23XX BLOCK OF LAKE WASHINGTON BV E,C,C3,6200.2001,-122.297908762,47.637110942,"(47.637110942, -122.297908762)",,,,
1495290,13000279251,2013279251,201,ALARMS - RESIDENTIAL BURGLARY (FALSE),BURGLARY ALARMS (FALSE),FALSE ALARMS,08/04/2013 05:53:00 PM,8XX BLOCK OF 34 AV E,C,C3,6300.4003,-122.288188769,47.626773758,"(47.626773758, -122.288188769)",,,,
1495219,13000279073,2013279073,201,ALARMS - RESIDENTIAL BURGLARY (FALSE),BURGLARY ALARMS (FALSE),FALSE ALARMS,08/04/2013 04:23:00 PM,15XX BLOCK OF 42 AV E,C,C3,6300.2006,-122.278545269,47.632750978,"(47.632750978, -122.278545269)",,,,
1495152,13000278731,2013278731,053,BURGLARY - UNOCCUPIED STRUCTURE ON RESIDENTIAL PROPERTY,RESIDENTIAL BURGLARIES,BURGLARY,08/04/2013 03:00:00 PM,10XX BLOCK OF LAKE WASHINGTON BV E,C,C3,6200.2014,-122.292993395,47.627231999,"(47.627231999, -122.292993395)",,,,
1495133,13000278947,2013278947,053,BURGLARY - UNOCCUPIED STRUCTURE ON RESIDENTIAL PROPERTY,RESIDENTIAL BURGLARIES,BURGLARY,08/04/2013 02:42:00 PM,16XX BLOCK OF BELLEVUE AV,E,E2,8400.1006,-122.326795848,47.615779995,"(47.615779995, -122.326795848)",,,,
1495104,13000279009,2013279009,201,ALARMS - RESIDENTIAL BURGLARY (FALSE),BURGLARY ALARMS (FALSE),FALSE ALARMS,08/04/2013 02:23:00 PM,11XX BLOCK OF 31 AV S,G,G3,8900.2009,-122.292780312,47.59289795,"(47.59289795, -122.292780312)",,,,
1494978,13000278795,2013278795,201,ALARMS - RESIDENTIAL BURGLARY (FALSE),BURGLARY ALARMS (FALSE),FALSE ALARMS,08/04/2013 12:01:00 PM,24XX BLOCK OF E CALHOUN ST,C,C3,6200.5001,-122.301201601,47.64098496,"(47.64098496, -122.301201601)",,,,
1494526,13000278256,2013278256,201,ALARMS - RESIDENTIAL BURGLARY (FALSE),BURGLARY ALARMS (FALSE),FALSE ALARMS,08/03/2013 11:37:00 PM,3XX BLOCK OF 25 AV E,C,C3,7700.5009,-122.299860474,47.622871543,"(47.622871543, -122.299860474)",,,,
1494346,13000277993,2013277993,201,ALARMS - RESIDENTIAL BURGLARY (FALSE),BURGLARY ALARMS (FALSE),FALSE ALARMS,08/03/2013 08:33:00 PM,11XX BLOCK OF 38 AV,G,G3,7800.4003,-122.284932404,47.612582806,"(47.612582806, -122.284932404)",,,,
1494278,13000277836,2013277836,050,"BURGLARY - RESIDENTIAL, UNOCCUPIED",RESIDENTIAL BURGLARIES,BURGLARY,08/03/2013 07:10:00 PM,5XX BLOCK OF 13 AV E,C,C2,7500.1002,-122.315695156,47.623685597,"(47.623685597, -122.315695156)",,,,
1494228,13000277843,2013277843,201,ALARMS - RESIDENTIAL BURGLARY (FALSE),BURGLARY ALARMS (FALSE),FALSE ALARMS,08/03/2013 06:19:00 PM,5XX BLOCK OF 26 AV,G,G3,8800.4005,-122.298882102,47.607087587,"(47.607087587, -122.298882102)",,,,
1494042,13000277455,2013277455,201,ALARMS - RESIDENTIAL BURGLARY (FALSE),BURGLARY ALARMS (FALSE),FALSE ALARMS,08/03/2013 02:48:00 PM,38XX BLOCK OF E JOHN ST,C,C3,7800.1007,-122.283682969,47.619764668,"(47.619764668, -122.283682969)",,,,
1493914,13000277262,2013277262,053,BURGLARY - UNOCCUPIED STRUCTURE ON RESIDENTIAL PROPERTY,RESIDENTIAL BURGLARIES,BURGLARY,08/03/2013 12:08:00 PM,17XX BLOCK OF MELROSE AV,E,E1,7400.5007,-122.327864006,47.617783414,"(47.617783414, -122.327864006)",,,,
1493447,13000276826,2013276826,201,ALARMS - RESIDENTIAL BURGLARY (FALSE),BURGLARY ALARMS (FALSE),FALSE ALARMS,08/03/2013 12:28:00 AM,16XX BLOCK OF E BOSTON TR,C,C1,6200.3001,-122.312095306,47.636700413,"(47.636700413, -122.312095306)",,,,
1493165,13000276503,2013276503,051,"BURGLARY - RESIDENTIAL, OCCUPIED",RESIDENTIAL BURGLARIES,BURGLARY,08/02/2013 08:22:00 PM,10XX BLOCK OF E BLAINE ST,C,C1,6500.1018,-122.319568527,47.635027066,"(47.635027066, -122.319568527)",,,,
1492625,13000275788,2013275788,201,ALARMS - RESIDENTIAL BURGLARY (FALSE),BURGLARY ALARMS (FALSE),FALSE ALARMS,08/02/2013 09:48:00 AM,13XX BLOCK OF E BOSTON ST,C,C1,6500.1001,-122.314953886,47.638265002,"(47.638265002, -122.314953886)",,,,
1492545,13000275607,2013275607,201,ALARMS - RESIDENTIAL BURGLARY (FALSE),BURGLARY ALARMS (FALSE),FALSE ALARMS,08/02/2013 06:26:00 AM,18XX BLOCK OF 27 AV,C,C3,7700.4016,-122.297263814,47.61825675,"(47.61825675, -122.297263814)",,,,
1492502,13000275484,2013275484,051,"BURGLARY - RESIDENTIAL, OCCUPIED",RESIDENTIAL BURGLARIES,BURGLARY,08/02/2013 04:00:00 AM,1XX BLOCK OF 8 AV,E,E3,8500.3000,-122.322487039,47.602251584,"(47.602251584, -122.322487039)",,,,
1492472,13000275521,2013275521,201,ALARMS - RESIDENTIAL BURGLARY (FALSE),BURGLARY ALARMS (FALSE),FALSE ALARMS,08/02/2013 03:37:00 AM,16XX BLOCK OF BELMONT AV,E,E2,8400.1002,-122.32447973,47.615786469,"(47.615786469, -122.32447973)",,,,
1492347,13000275400,2013275400,201,ALARMS - RESIDENTIAL BURGLARY (FALSE),BURGLARY ALARMS (FALSE),FALSE ALARMS,08/02/2013 01:15:00 AM,3XX BLOCK OF 29 AV E,C,C3,7700.1008,-122.294810876,47.621922165,"(47.621922165, -122.294810876)",,,,
1492316,13000275412,2013275412,201,ALARMS - RESIDENTIAL BURGLARY (FALSE),BURGLARY ALARMS (FALSE),FALSE ALARMS,08/02/2013 12:50:00 AM,38XX BLOCK OF E OLIVE ST,C,C3,7800.1009,-122.283915073,47.616457807,"(47.616457807, -122.283915073)",,,,
1492293,13000275039,2013275039,051,"BURGLARY - RESIDENTIAL, OCCUPIED",RESIDENTIAL BURGLARIES,BURGLARY,08/02/2013 12:12:00 AM,6XX BLOCK OF BOYLSTON AV E,C,C1,7400.1002,-122.323033035,47.624695168,"(47.624695168, -122.323033035)",,,,
1491775,13000274602,2013274602,051,"BURGLARY - RESIDENTIAL, OCCUPIED",RESIDENTIAL BURGLARIES,BURGLARY,08/01/2013 03:42:00 PM,28XX BLOCK OF BOYER AV E,C,C1,6100.2002,-122.317072346,47.646266137,"(47.646266137, -122.317072346)",,,,
1491601,13000274540,2013274540,201,ALARMS - RESIDENTIAL BURGLARY (FALSE),BURGLARY ALARMS (FALSE),FALSE ALARMS,08/01/2013 12:44:00 PM,20XX BLOCK OF BROADWAY E,C,C1,6600.1002,-122.321355409,47.637822477,"(47.637822477, -122.321355409)",,,,
1491604,13000274439,2013274439,201,ALARMS - RESIDENTIAL BURGLARY (FALSE),BURGLARY ALARMS (FALSE),FALSE ALARMS,08/01/2013 12:42:00 PM,12XX BLOCK OF E NEWTON ST,C,C1,6500.1016,-122.316253201,47.637238495,"(47.637238495, -122.316253201)",,,,
1491602,13000274521,2013274521,201,ALARMS - RESIDENTIAL BURGLARY (FALSE),BURGLARY ALARMS (FALSE),FALSE ALARMS,08/01/2013 12:42:00 PM,11XX BLOCK OF 37 AV E,C,C3,6300.3009,-122.285478282,47.629171247,"(47.629171247, -122.285478282)",,,,
1491457,13000274380,2013274380,201,ALARMS - RESIDENTIAL BURGLARY (FALSE),BURGLARY ALARMS (FALSE),FALSE ALARMS,08/01/2013 09:31:00 AM,9XX BLOCK OF 21 AV,G,G1,7900.1008,-122.304989603,47.611474338,"(47.611474338, -122.304989603)",,,,
1491442,13000274321,2013274321,201,ALARMS - RESIDENTIAL BURGLARY (FALSE),BURGLARY ALARMS (FALSE),FALSE ALARMS,08/01/2013 09:06:00 AM,15XX BLOCK OF 38 AV E,C,C3,6300.5013,-122.284061848,47.63278079,"(47.63278079, -122.284061848)",,,,
